id,category,secondary_categories,confidence_score,title,company,location,pay,job_type,shift_schedule,last_seen_at,job_url
619,Legal,,13,Spanish-Speaking Personal Injury Legal Assistant / Case Manager,Thrive Technologies Inc.,Remote,PHP 488 an hour,Full-time,,2026-07-02T03:46:56+00:00,https://ph.indeed.com/viewjob?jk=17d814acf9d07529
618,Customer Support & Service,,7,Customer Service Specialist – German Speaking | WFH | Mid Shift | Day 1 HMO | Weekends Off,EMAPTA,Remote,,"Permanent, Full-time",,2026-07-02T03:46:56+00:00,https://ph.indeed.com/viewjob?jk=5146f630d230168a
617,Sales & Business Development,"Admin, Executive Assistance & VA",7,Sales Admin Assistant (International),Intelligent Technical Solutions,Remote,,Full-time,,2026-07-02T03:46:56+00:00,https://ph.indeed.com/viewjob?jk=24e295b1f49e5766
616,Education & Training,,8,English Instructor - PTE/MET (WFH),GH Premier Review Center,Remote,"PHP 21,000 - PHP 23,000 a month","Permanent, Full-time",,2026-07-02T03:46:56+00:00,https://ph.indeed.com/viewjob?jk=5c6c7da74858504f
615,"Engineering, Architecture & CAD",,19,Intermediate Revit Draftsperson / Revit BIM Specialist (Remote),QDE Engineering Pty Ltd,Remote,"From PHP 27,000 a month","Permanent, Full-time",,2026-07-02T03:46:56+00:00,https://ph.indeed.com/viewjob?jk=3eb4b3fc0e65de3f
614,Accounting & Finance,,16,Tax Accountant- AU Client,The Efficiency Collective Pty Ltd.,Work from Home,"PHP 80,000 - PHP 95,000 a month",Full-time,,2026-07-02T03:46:56+00:00,https://ph.indeed.com/viewjob?jk=261c81a7dc26e405
613,"Admin, Executive Assistance & VA",,6,Executive Partner to the CEO,Unique Genius,Remote,,"Permanent, Full-time",,2026-07-02T03:46:56+00:00,https://ph.indeed.com/viewjob?jk=cff424ea03a3bf7c
612,Sales & Business Development,,12,Sales Development Representative (Setter),Climate IQ,Remote,,"Permanent, Full-time",,2026-07-02T03:46:56+00:00,https://ph.indeed.com/viewjob?jk=6eadc7033858a898
611,Sales & Business Development,Ecommerce & Marketplace,8,Marketplace Business Development Professional,Green Wave Ingredients,Remote,"PHP 61,000 - PHP 77,000 a month",Fixed term,,2026-07-02T03:46:56+00:00,https://ph.indeed.com/viewjob?jk=baf10a9dbc0f502c
610,Marketing & Growth,,21,Growth Marketing Specialist (Paid Ads & Lead Generation),Remote Careers PH,Work from Home,"PHP 28,000 - PHP 85,000 a month",Full-time,,2026-07-02T03:46:56+00:00,https://ph.indeed.com/viewjob?jk=2f6c312c73e93d09
609,Marketing & Growth,,15,PPC Media Buyer,Hennessey Digital,Remote,"PHP 40,400 - PHP 52,900 a month",Full-time,,2026-07-02T03:46:56+00:00,https://ph.indeed.com/viewjob?jk=35f2dfb2a1f9cb05
608,Sales & Business Development,Operations & Project Management,6,Associate Team Lead (Outbound Sales),ExpertiseLocal,Remote,,Full-time,,2026-07-02T03:46:56+00:00,https://ph.indeed.com/viewjob?jk=e22dd50ec842596b
607,Ecommerce & Marketplace,Operations & Project Management,7,3PL & Shopify Operations Lead,"PerkUp, Inc.",Work from Home,,,,2026-07-02T03:46:56+00:00,https://ph.indeed.com/viewjob?jk=efea6c979092f1c2
606,Sales & Business Development,,8,Sales Representative,Skyward Careers,Work from Home,PHP 275 - PHP 300 an hour,Full-time,,2026-07-02T03:46:56+00:00,https://ph.indeed.com/viewjob?jk=72069331714f30a8
605,Marketing & Growth,,13,Lead Manager Influencer Marketing,88 Affect,Remote,"PHP 24,000 a month",Full-time,,2026-07-02T03:46:56+00:00,https://ph.indeed.com/viewjob?jk=2649114a306e8623
604,"Admin, Executive Assistance & VA",,6,Chief of Staff,(B.E.S.T.) BEHAVIOR EDUCATION SERVICES TEAM,Remote,"PHP 40,000 - PHP 45,000 a month","Permanent, Full-time",,2026-07-02T03:46:56+00:00,https://ph.indeed.com/viewjob?jk=64a558ba1892c05c
603,Healthcare & Medical Admin,,21,Medical Coding And Billing Specialist,"DrHouse, Inc.",Remote,,Fixed term,,2026-07-02T03:46:56+00:00,https://ph.indeed.com/viewjob?jk=47e7f92418a854c0
602,"Software, Data & IT",,18,"Digital Marketing, SEO, Web Admin & AI Automation Specialist",PANDR Outsourcing,Remote,"PHP 50,000 - PHP 60,000 a month","Permanent, Full-time",,2026-07-02T03:46:56+00:00,https://ph.indeed.com/viewjob?jk=0126921d5731a3d8
601,Marketing & Growth,,9,Meta Ads Specialist,RemoteLine,Remote,"PHP 15,000 - PHP 17,500 a month",Part-time,,2026-07-02T03:46:56+00:00,https://ph.indeed.com/viewjob?jk=3ce943216c200de2
600,"Software, Data & IT",,14,SQL Database Administrator,Pomeroy Technologies Philippines Inc.,Work from Home,"PHP 90,000 - PHP 110,000 a month","Permanent, Full-time",,2026-07-02T03:46:56+00:00,https://ph.indeed.com/viewjob?jk=722e5fddd5a0a7a8
599,Operations & Project Management,,12,Property Maintenance & Operations Coordinator,DSV Digital Management Corporation,Work from Home,"PHP 25,000 - PHP 35,000 a month",Full-time,,2026-07-02T03:46:56+00:00,https://ph.indeed.com/viewjob?jk=4719d502215180a3
598,Operations & Project Management,,12,Operations Coordinator (Marketing Agency),Aesthetic Acquisition,Remote,"PHP 80,000 - PHP 120,000 a month",Full-time,,2026-07-02T03:46:56+00:00,https://ph.indeed.com/viewjob?jk=cb327022a1595bb5
597,Sales & Business Development,,6,Sales Representative,CK Outsourcing,Work from Home,"PHP 35,000 - PHP 40,000 a month","Permanent, Full-time",,2026-07-02T03:46:56+00:00,https://ph.indeed.com/viewjob?jk=53b78e0b55d5e7e6
596,HR & Recruiting,,7,Technical Recruiter,Teoh Capital,Remote,"From PHP 60,000 a month",Full-time,,2026-07-02T03:46:56+00:00,https://ph.indeed.com/viewjob?jk=ce218901db547eff
595,HR & Recruiting,,7,"Driver Recruiter - Remote, Philippines",Schwarz Logistics,Work from Home,"PHP 55,100 - PHP 122,400 a month",Full-time,,2026-07-02T03:46:56+00:00,https://ph.indeed.com/viewjob?jk=2673efe75f44c284
594,Accounting & Finance,,16,Accountant/Bookkeeper (2 Positions),AIS Australia,Work from Home,"PHP 35,000 - PHP 45,000 a month",Full-time,,2026-07-02T03:46:56+00:00,https://ph.indeed.com/viewjob?jk=c6b448516bc90e32
593,Accounting & Finance,,17,Staff Accountant (Chile/Argentina) (US GAAP / Short term rental Accounting / Trust Accounting),KeepingCount,Remote,,"Fixed term, Full-time",,2026-07-02T03:46:56+00:00,https://ph.indeed.com/viewjob?jk=0d1fbbcce16458d4
592,Creative Content & Design,,7,Content Creator,Skyrocket Studios,Work from Home,,Full-time,,2026-07-02T03:46:56+00:00,https://ph.indeed.com/viewjob?jk=4e8887610be243ab
591,Accounting & Finance,,10,Meticulous Accounting Specialist,Laminar Projects,Remote,,Full-time,,2026-07-02T03:46:56+00:00,https://ph.indeed.com/viewjob?jk=733629596c7aaa4c
590,Accounting & Finance,,8,Credit Analyst AU Experienced,UpStaff Inc.,Remote,"PHP 50,000 - PHP 60,000 a month",Full-time,,2026-07-02T03:46:56+00:00,https://ph.indeed.com/viewjob?jk=584e231285a3735a
589,Sales & Business Development,,7,Regional Sales Manager (Remote),CrowdStrike,Remote,,Full-time,,2026-07-02T03:46:56+00:00,https://ph.indeed.com/viewjob?jk=9ca09c353228ac25
588,"Software, Data & IT",Ecommerce & Marketplace,2,IT Reporting Specialist (AWS),Extension eCom LLC,Remote,,Part-time,,2026-07-02T03:46:56+00:00,https://ph.indeed.com/viewjob?jk=9f38ad85d46b352f
587,Operations & Project Management,,7,Clinical Data Management Support Coordinator,Thermo Fisher Scientific,Work from Home,,Full-time,,2026-07-02T03:46:56+00:00,https://ph.indeed.com/viewjob?jk=84efbd627452664c
586,Accounting & Finance,Education & Training,3,Site Payments Associate II (Funds Management),Thermo Fisher Scientific,Work from Home,,Full-time,,2026-07-02T03:46:56+00:00,https://ph.indeed.com/viewjob?jk=7aff6654bdd60b5a
585,Accounting & Finance,Education & Training,3,Site Payments Associate II (Funds Management),Thermo Fisher Scientific,Work from Home,,Full-time,,2026-07-02T03:46:56+00:00,https://ph.indeed.com/viewjob?jk=b1c12e6dd0b6a487
584,Education & Training,Operations & Project Management,7,Principal Training Coordinator,Thermo Fisher Scientific,Work from Home,,Full-time,,2026-07-02T03:46:56+00:00,https://ph.indeed.com/viewjob?jk=39fdf89e414a5da1
583,Education & Training,"Admin, Executive Assistance & VA; Accounting & Finance",2,Site Payments Associate II (Reconciliation),Thermo Fisher Scientific,Work from Home,,Full-time,,2026-07-02T03:46:56+00:00,https://ph.indeed.com/viewjob?jk=c16a709692a874d5
582,"Software, Data & IT",HR & Recruiting,7,Technical Support Representative | Remote | $6 USD/hr (₱360+/hr) | Weekly Pay | Full-Time,ResolveIQ,Remote,Up to PHP 360 an hour,"Permanent, Full-time",,2026-07-02T03:46:56+00:00,https://ph.indeed.com/viewjob?jk=95620667290d1695
581,Customer Support & Service,,9,Pre-Sales Inbound Phone Agent | Remote | $6.50 USD/hr (₱390+/hr) | Weekly Pay | Full-Time,ResolveIQ,Remote,Up to PHP 390 an hour,"Permanent, Full-time",,2026-07-02T03:46:56+00:00,https://ph.indeed.com/viewjob?jk=69d2d9695b59b509
580,Accounting & Finance,,11,Chief Financial Officer,(B.E.S.T.) BEHAVIOR EDUCATION SERVICES TEAM,Remote,"PHP 73,000 - PHP 85,000 a month","Permanent, Full-time",,2026-07-02T03:46:56+00:00,https://ph.indeed.com/viewjob?jk=9aab9c6a94141a08
579,Other / Specialized,,0,Transportation Insurance Producer,Skyward Careers,Work from Home,PHP 275 an hour,Full-time,,2026-07-02T03:46:56+00:00,https://ph.indeed.com/viewjob?jk=8719961df03deb5d
578,Creative Content & Design,,7,Video Editor,Blue Zone,Remote,"PHP 48,000 - PHP 60,000 a month","Permanent, Full-time",,2026-07-02T03:46:56+00:00,https://ph.indeed.com/viewjob?jk=3e5ef6f99956d6e4
577,"Software, Data & IT","Engineering, Architecture & CAD",2,"Landscaping Estimator (AU Construction | ₱10,000 Sign-On Bonus)",Dynamic Offshore Pty Ltd,Remote,"PHP 25,000 - PHP 40,000 a month",Full-time,,2026-07-02T03:46:56+00:00,https://ph.indeed.com/viewjob?jk=73d8e7373bcb4ffc
576,Operations & Project Management,,1,TikTok Live Creator Manager,XCLUSIVO COLLECTIVES,Work from Home,,Full-time,,2026-07-02T03:46:56+00:00,https://ph.indeed.com/viewjob?jk=d6fb83e92191eee8
575,Sales & Business Development,,7,Sales Manager (Remote),Edge Tutor,Remote,,,,2026-07-02T03:46:56+00:00,https://ph.indeed.com/viewjob?jk=baefaa419c2f30f3
574,Accounting & Finance,,12,AU Investment & Multi-Currency Accountant,NAIS CORP.,Work from Home,"PHP 60,000 - PHP 70,000 a month","Permanent, Full-time",,2026-07-02T03:46:56+00:00,https://ph.indeed.com/viewjob?jk=65135a51a9569557
573,"Software, Data & IT",,1,"Estimator (Aluminium CLadding) (₱10,000 Sign-On Bonus)",Dynamic Offshore Pty Ltd,Work from Home,"PHP 45,000 - PHP 55,000 a month",Full-time,,2026-07-02T03:46:56+00:00,https://ph.indeed.com/viewjob?jk=572f97a01ed610d4
572,Operations & Project Management,,7,Packaging Operations Manager (Remote | Night Shift | Competitive Salary!),Thrivemodal,Remote,"PHP 103,700 a month",Full-time,,2026-07-02T03:46:56+00:00,https://ph.indeed.com/viewjob?jk=eefeb000ee22e34a
571,Marketing & Growth,,8,"Performance Marketing & Content Specialist (Meta, Google, Landing Pages) – Philippines",Spa Marketplace,Work from Home,"PHP 40,000 - PHP 60,000 a month",Permanent,,2026-07-02T03:46:56+00:00,https://ph.indeed.com/viewjob?jk=0172fcb8aa433180
570,Real Estate & Property,,7,Commercial Real Estate Administrator (AU Client) with Sign-on Bonus,Dynamic Offshore Pty Ltd,Remote,"PHP 40,000 - PHP 55,000 a month",Full-time,,2026-07-02T03:46:56+00:00,https://ph.indeed.com/viewjob?jk=dddf3fbdd5043125
569,Real Estate & Property,,8,Property Deal Analyst,Property Cartel LTD,Remote,"PHP 60,000 - PHP 80,000 a month","Permanent, Full-time",,2026-07-02T03:46:56+00:00,https://ph.indeed.com/viewjob?jk=ca1e9a104fbc0a96
568,"Admin, Executive Assistance & VA",,6,Admin Assistant - US Insulation Experience,Ecobuild,Remote,": From Php60,000.00 per month",Full-time,,2026-07-02T03:46:56+00:00,https://ph.indeed.com/viewjob?jk=53e7d5c1d4d791e6
567,Creative Content & Design,Marketing & Growth,6,Content Writer,Arena Capital,Remote,"PHP 30,000 a month",Full-time,,2026-07-02T03:46:56+00:00,https://ph.indeed.com/viewjob?jk=f819f8d25558e4dd
566,Marketing & Growth,"Software, Data & IT",4,Website Manager,CuroHelp,Remote,,"Permanent, Full-time",,2026-07-02T03:46:56+00:00,https://ph.indeed.com/viewjob?jk=30d4cff6e1a7c0ca
565,Marketing & Growth,,7,Marketing Manager,Cool blue VA,Remote,,Full-time,,2026-07-02T03:46:56+00:00,https://ph.indeed.com/viewjob?jk=5acc64ba3ece59c9
564,Marketing & Growth,,13,Meta Ads Specialist & Social Media Manager (Remote),Remotees LLC,Remote,PHP 300 - PHP 400 an hour,Full-time,,2026-07-02T03:46:56+00:00,https://ph.indeed.com/viewjob?jk=ad7153bd78a394ed
563,Legal,,8,Legal Intake & Client Relations Specialist (Remote – Philippines),Business and Project Analysts,Remote,"PHP 43,000 - PHP 61,400 a month",Permanent,,2026-07-02T03:46:56+00:00,https://ph.indeed.com/viewjob?jk=e8b1ed7d2612442f
562,Sales & Business Development,Education & Training,2,Telesales Consultant,Chief Sales Co,Work from Home,"PHP 10,000 - PHP 18,000 a month","Part-time, Permanent, Full-time",,2026-07-02T03:46:56+00:00,https://ph.indeed.com/viewjob?jk=fc5ae13b5ac79d27
561,Sales & Business Development,,10,Sales Development Representative (B2B Tech | Phone-Driven | US Market),TrustNet,Remote,"PHP 50,000 - PHP 70,000 a month",Full-time,Flextime,2026-07-02T03:46:56+00:00,https://ph.indeed.com/viewjob?jk=8a4f74707985edf7
560,"Engineering, Architecture & CAD","Admin, Executive Assistance & VA",3,"Estimating & Drafting Assistant (₱10,000 Sign-On Bonus)",Dynamic Offshore Pty Ltd,Remote,"PHP 55,000 - PHP 65,000 a month",Full-time,,2026-07-02T03:46:56+00:00,https://ph.indeed.com/viewjob?jk=d0d93aa6ca5ac85e
559,Customer Support & Service,,6,"Customer Service Representative – Roofing, Insulation & Solar Experience Required (After Hours)",Ecobuild,Remote,"From PHP 1,600 a day",Part-time,,2026-07-02T03:46:56+00:00,https://ph.indeed.com/viewjob?jk=0332fe5df27d4d9f
558,Sales & Business Development,Real Estate & Property,7,Real Estate Acquisition & Lead Generation Specialist (Distressed Properties),Freelancing Philippines,Work from Home,"PHP 120,000 - PHP 150,000 a month",Full-time,,2026-07-02T03:46:56+00:00,https://ph.indeed.com/viewjob?jk=b17bb7f7139a7522
557,Sales & Business Development,,6,Customer Success Manager,Evo Pest Control,Remote,"PHP 62,600 - PHP 114,800 a month",Full-time,,2026-07-02T03:46:56+00:00,https://ph.indeed.com/viewjob?jk=71c856b9bf44d9e0
556,Accounting & Finance,,11,US Bookkeeper,Freelancing Philippines,Remote,"From PHP 80,000 a month",Permanent,,2026-07-02T03:46:56+00:00,https://ph.indeed.com/viewjob?jk=ffb74d42bfe8c045
555,"Software, Data & IT",,1,Back-of-House Tier 2 - Hotels - Remote/WFH [PH],Peacey Systems LLC,Remote,"PHP 37,000 - PHP 48,000 a month","Permanent, Full-time",,2026-07-02T03:46:56+00:00,https://ph.indeed.com/viewjob?jk=03b17fc38c36850a
554,Accounting & Finance,,2,Account Support Associate (AU-WA),Onboard Outsourcing,Work from Home,"From PHP 20,000 a month",Full-time,,2026-07-02T03:46:56+00:00,https://ph.indeed.com/viewjob?jk=67a0aaeab80d7c6b
553,Sales & Business Development,"Software, Data & IT; Operations & Project Management",8,"Customer Success Manager, Automation & Content Operations",WeLevel,Remote,"PHP 80,000 - PHP 100,000 a month",Full-time,,2026-07-02T03:46:56+00:00,https://ph.indeed.com/viewjob?jk=7e3fffd7dcd3e743
552,Operations & Project Management,,13,Supply Chain & E-commerce Operations Coordinator,Aventus LLC,Remote,,Full-time,,2026-07-02T03:46:56+00:00,https://ph.indeed.com/viewjob?jk=5a7cff1c0f72075e
551,Marketing & Growth,,6,Email Marketing Specialist,PlanetArt,Remote,,"Fixed term, Temporary, Full-time",,2026-07-02T03:46:56+00:00,https://ph.indeed.com/viewjob?jk=401a11e419be98c9
550,HR & Recruiting,,8,Recruitment Lead - WFH | Night Shift,Thrivemodal,Remote,"PHP 85,000 a month",Full-time,,2026-07-02T03:46:56+00:00,https://ph.indeed.com/viewjob?jk=0cd40254ff6f0033
549,Real Estate & Property,,10,Assistant Property Manager,Aoede LLC,Remote,"PHP 20,000 - PHP 40,000 a month","Permanent, Full-time",,2026-07-02T03:46:56+00:00,https://ph.indeed.com/viewjob?jk=b4570d593152979b
548,Operations & Project Management,"Admin, Executive Assistance & VA",7,Executive Assistant to Founder (Operations-Focused) ADVERTISING INDUSTRY,Otherside Studio,Work from Home,"PHP 25,000 - PHP 45,000 a month",Fixed term,,2026-07-02T03:46:56+00:00,https://ph.indeed.com/viewjob?jk=a705364c667d2670
547,Marketing & Growth,Education & Training,2,Customer Care Agent (Japan Market),Outscaler BPO Services OPC,Remote,"From PHP 85,000 a month",Full-time,,2026-07-02T03:46:56+00:00,https://ph.indeed.com/viewjob?jk=5ca2d895a426c54b
546,Marketing & Growth,,8,Marketing Manager - WFH | Night Shift,Thrivemodal,Remote,"PHP 107,000 a month",Full-time,,2026-07-02T03:46:56+00:00,https://ph.indeed.com/viewjob?jk=17378eb43bad5515
545,Accounting & Finance,,6,Client Service Officer / Financial Planning Assistant,Aptium,Remote,"PHP 40,000 - PHP 80,000 a month",Full-time,,2026-07-02T03:46:56+00:00,https://ph.indeed.com/viewjob?jk=f669d3a4a8e254eb
544,"Admin, Executive Assistance & VA",Marketing & Growth,8,Executive Assistant - Marketing Focus,Scale Up Staff,Remote,"PHP 40,000 - PHP 60,000 a month",Full-time,,2026-07-02T03:46:56+00:00,https://ph.indeed.com/viewjob?jk=e8cbc3407d389c13
543,Operations & Project Management,Education & Training,7,Training and Quality Coordinator,Global Choice Solutions,Remote,"PHP 44,000 a month","Permanent, Full-time",,2026-07-02T03:46:56+00:00,https://ph.indeed.com/viewjob?jk=299833eea54f0870
542,"Admin, Executive Assistance & VA",,6,Permanent WFH AU Administrative Assistant,Lift Accounting & Advisory,Remote,"PHP 60,000 - PHP 90,000 a month",Full-time,,2026-07-02T03:46:56+00:00,https://ph.indeed.com/viewjob?jk=71f791af294aa844
541,Accounting & Finance,,12,Corporate Controller,UpStaff Inc.,Work from Home,"PHP 200,000 - PHP 250,000 a month",Full-time,,2026-07-02T03:46:56+00:00,https://ph.indeed.com/viewjob?jk=71323f676f70c40d
540,Real Estate & Property,,7,Acquisition Manager-Real Estate (with commission),JL Home Sale,Remote,"PHP 20,000 - PHP 50,000 a month",Full-time,,2026-07-02T03:46:56+00:00,https://ph.indeed.com/viewjob?jk=83f034004ffe8547
539,HR & Recruiting,,8,US Human Resources Assistant,MEDVA,Work from Home,,,,2026-07-02T03:46:56+00:00,https://ph.indeed.com/viewjob?jk=d81247a23138056c
538,Healthcare & Medical Admin,,1,Facets Configuration Analyst,Pan Asia Resources,Work from Home,,"Permanent, Full-time",,2026-07-02T03:46:56+00:00,https://ph.indeed.com/viewjob?jk=385cc350d93954a4
537,"Software, Data & IT",Marketing & Growth,3,Product Manager,Thorne Consulting,Work from Home,PHP 367 - PHP 490 an hour,Full-time,,2026-07-02T03:46:56+00:00,https://ph.indeed.com/viewjob?jk=502a4b885c5af8ee
536,Accounting & Finance,,12,Corporate Controller,UpStaff Inc.,Work from Home,"PHP 200,000 - PHP 250,000 a month",Full-time,,2026-07-02T03:46:56+00:00,https://ph.indeed.com/viewjob?jk=82b1a8cc52562741
535,Accounting & Finance,,10,Bookkeeper UK Experienced,UpStaff Inc.,Work from Home,"PHP 60,000 - PHP 70,000 a month",Full-time,,2026-07-02T03:46:56+00:00,https://ph.indeed.com/viewjob?jk=5eece38f85488296
534,Marketing & Growth,,1,Australian Migration Case Administrator,Get Your Visa,Remote,"PHP 40,000 - PHP 50,000 a month","Permanent, Full-time",,2026-07-02T03:46:56+00:00,https://ph.indeed.com/viewjob?jk=84dec416d1bebe6a
533,Accounting & Finance,,3,Junior Auditor,UpStaff Inc.,Remote,"PHP 20,000 - PHP 23,000 a month",Full-time,,2026-07-02T03:46:56+00:00,https://ph.indeed.com/viewjob?jk=64203553bffad555
532,Creative Content & Design,,7,Video Editor,Extension eCom LLC,Work from Home,"PHP 3,920 - PHP 5,600 a week",Full-time,,2026-07-02T03:46:56+00:00,https://ph.indeed.com/viewjob?jk=6d9c923e1e509720
531,Real Estate & Property,,8,Assistant Property Manager,"Evernest Holdings, LLC",Work from Home,,,,2026-07-02T03:46:56+00:00,https://ph.indeed.com/viewjob?jk=2b6c433e5270f0c0
530,Marketing & Growth,,8,Marketing Data Scientist,Ask & Embla,Work from Home,"From PHP 75,000 a month","Permanent, Full-time",,2026-07-02T03:46:56+00:00,https://ph.indeed.com/viewjob?jk=a2cbd675368221f1
529,Education & Training,,9,"Home-based Online English Teacher (Start on July 6, 2026)",BCM Educational Group,Remote,"PHP 17,000 a month","Permanent, Full-time",,2026-07-02T03:46:56+00:00,https://ph.indeed.com/viewjob?jk=db4dc085d25758ee
528,"Admin, Executive Assistance & VA",Operations & Project Management,7,Virtual Assistant - Operations Expert,"eFlexervices Phils., Inc.",Remote,"PHP 45,000 - PHP 50,000 a month",Full-time,,2026-07-02T03:46:56+00:00,https://ph.indeed.com/viewjob?jk=c7a6e46df1f33f70
527,Education & Training,,9,"Home-based Online English Teacher (Start Date: July 6, 2026)",BCM Educational Group,Remote,"PHP 17,000 a month","Permanent, Full-time",,2026-07-02T03:46:56+00:00,https://ph.indeed.com/viewjob?jk=4a24a9aa1fa67738
526,Marketing & Growth,,8,CRM & Retention Marketing Lead,Ask & Embla,Work from Home,"From PHP 97,000 a month","Permanent, Full-time",,2026-07-02T03:46:56+00:00,https://ph.indeed.com/viewjob?jk=c79cba8c685afe82
525,Accounting & Finance,,11,Construction Bookkeeper | Remote | Full-Time,Go Hire Virtual,Remote,"PHP 20,000 - PHP 35,000 a month","Permanent, Full-time",,2026-07-02T03:46:56+00:00,https://ph.indeed.com/viewjob?jk=846bd8c3bd920cee
524,"Admin, Executive Assistance & VA",Real Estate & Property,7,Real Estate Virtual Assistant/ Cold Caller,Go Hire Virtual,Remote,"PHP 19,274.46 - PHP 27,500.00 a month","Permanent, Full-time",,2026-07-02T03:46:56+00:00,https://ph.indeed.com/viewjob?jk=5dcee500ffcbd82e
523,Operations & Project Management,,1,Field Support (Solar),Rain Global,Remote,PHP 366 - PHP 427 an hour,Full-time,,2026-07-02T03:46:56+00:00,https://ph.indeed.com/viewjob?jk=9ad17ac9f72b33c9
522,Real Estate & Property,Customer Support & Service,8,Loan & Mortgage Support Specialist (AU WFH),UpraisIT,Remote,"PHP 70,000 - PHP 100,000 a month","Permanent, Full-time",,2026-07-02T03:46:56+00:00,https://ph.indeed.com/viewjob?jk=cf5f39eb71f4d7fc
521,Marketing & Growth,,8,JUNIOR SEO SPECIALIST (WFH),UpraisIT,Remote,"PHP 20,000 - PHP 25,000 a month","Permanent, Full-time",,2026-07-02T03:46:56+00:00,https://ph.indeed.com/viewjob?jk=5ef9819b503b0076
520,"Engineering, Architecture & CAD",,19,Revit Architect / Architectural BIM Specialist (Remote),CinRetta Digital Marketing Services,Remote,,Full-time,,2026-07-02T03:46:56+00:00,https://ph.indeed.com/viewjob?jk=e14f7a55d02374bb
519,Operations & Project Management,,6,"NDIS Rostering Coordinator - Work From Home, Day Shift",CinRetta Digital Marketing Services,Work from Home,"PHP 35,000 - PHP 40,000 a month","Permanent, Full-time",,2026-07-02T03:46:56+00:00,https://ph.indeed.com/viewjob?jk=6e7abc7c39aa14cb
518,Customer Support & Service,,8,Sage Intacct Implementation & Support Specialist (Remote),CinRetta Digital Marketing Services,Remote,"From PHP 70,000 a month",Full-time,,2026-07-02T03:46:56+00:00,https://ph.indeed.com/viewjob?jk=e337903777be6ad1
517,Real Estate & Property,,8,"Revenue Manager / Pricing Analyst - Short-Term Rental, Part-Time Remote",CinRetta Digital Marketing Services,Remote,"PHP 50,000 - PHP 100,000 a month",Part-time,,2026-07-02T03:46:56+00:00,https://ph.indeed.com/viewjob?jk=95f320fa059ff9b8
516,"Software, Data & IT",,1,Production Manager / Founder Assistant - Podcast Post-Production Agency,Sound Scrubs,Work from Home,"PHP 60,000 - PHP 80,000 a month","Permanent, Full-time",,2026-07-02T03:46:56+00:00,https://ph.indeed.com/viewjob?jk=e61f54e5d3e4f5b8
515,Operations & Project Management,,6,"NDIS Intake Coordinator - Work From Home, Day Shift",CinRetta Digital Marketing Services,Work from Home,"PHP 35,000 - PHP 40,000 a month","Permanent, Full-time",,2026-07-02T03:46:56+00:00,https://ph.indeed.com/viewjob?jk=d187bb171e0a774e
514,Accounting & Finance,,5,"NDIS Billing & Claims Processing Specialist - Work From Home, Day Shift",CinRetta Digital Marketing Services,Work from Home,"PHP 35,000 - PHP 40,000 a month","Permanent, Full-time",,2026-07-02T03:46:56+00:00,https://ph.indeed.com/viewjob?jk=38d9c2674033303b
513,Real Estate & Property,Marketing & Growth; Ecommerce & Marketplace,8,"Airbnb Listing & SEO Specialist - Part-Time, Work From Home",CinRetta Digital Marketing Services,Remote,"PHP 40,000 - PHP 60,000 a month",Part-time,,2026-07-02T03:46:56+00:00,https://ph.indeed.com/viewjob?jk=c717bd5c7b50ce31
512,Operations & Project Management,,6,Project Manager,the Saffron Solution,Remote,,"Permanent, Full-time",,2026-07-02T03:46:56+00:00,https://ph.indeed.com/viewjob?jk=a67a977dc3b4417c
511,Healthcare & Medical Admin,,20,"US Registered Nurse (USRN) | Non-Voice Healthcare Account | WFH Available | Up to ₱60,000+",ResolveIQ,Remote,"Up to PHP 60,000 a month",Permanent,,2026-07-02T03:46:56+00:00,https://ph.indeed.com/viewjob?jk=a7324240c2e6ec7e
510,Creative Content & Design,,7,Full-Time Video Editor (Adobe Premiere Pro Required),Crunchy Lemons,Work from Home,"From PHP 40,000 a month",Full-time,,2026-07-02T03:46:56+00:00,https://ph.indeed.com/viewjob?jk=39f4e699f300bb74
509,"Admin, Executive Assistance & VA",,9,Executive Virtual Assistant — Remote | US Hours,Phoenix Support Services Inc.,Remote,"PHP 15,000 - PHP 28,000 a month",Permanent,,2026-07-02T03:46:56+00:00,https://ph.indeed.com/viewjob?jk=80cd4e5e611f9601
508,Legal,,8,Paralegal,OVATech OPC,Remote,"PHP 30,000 - PHP 32,000 a month",Part-time,,2026-07-02T03:46:56+00:00,https://ph.indeed.com/viewjob?jk=57193be4b3bf1538
507,Legal,,8,Legal Assistant,OVATech OPC,Remote,"PHP 30,000 - PHP 32,000 a month",Part-time,,2026-07-02T03:46:56+00:00,https://ph.indeed.com/viewjob?jk=28467ddeae43d566
506,"Admin, Executive Assistance & VA",,8,Remote Executive Assistant,OVATech OPC,Remote,"PHP 58,000 - PHP 62,000 a month",Full-time,,2026-07-02T03:46:56+00:00,https://ph.indeed.com/viewjob?jk=518ba15b84b3266a
505,"Admin, Executive Assistance & VA",,8,Executive Administrative Assistant,OVATech OPC,Remote,"PHP 58,000 - PHP 62,000 a month",Full-time,,2026-07-02T03:46:56+00:00,https://ph.indeed.com/viewjob?jk=b64c289ed34530b4
504,Sales & Business Development,,8,People and Client success lead,WADIC,Remote,"PHP 25,000 - PHP 30,000 a month",Full-time,,2026-07-02T03:46:56+00:00,https://ph.indeed.com/viewjob?jk=8ac302f54c132ca5
503,HR & Recruiting,,9,HR Intern,Podcast Network Asia,Remote,,"Part-time, OJT (On the job training), Fresh graduate",,2026-07-02T03:46:56+00:00,https://ph.indeed.com/viewjob?jk=56f7a8e8a8e6a2a1
502,Accounting & Finance,,16,Financial Controller,Guided Outsourcing,Remote,,"Permanent, Full-time",,2026-07-02T03:46:56+00:00,https://ph.indeed.com/viewjob?jk=171ad9951ee25ab2
501,Creative Content & Design,,12,"Junior to Mid-Level 3D Artist (Video Games) – Long-Term Freelance (Remote, PH)",Unity Express Industrial Corporation,Remote,"PHP 20,000 - PHP 50,000 a month",Full-time,Flextime,2026-07-02T03:46:56+00:00,https://ph.indeed.com/viewjob?jk=f1752a3677348d49
500,Accounting & Finance,,10,UK / UAE Bookkeeper,Penbrothers,Remote,,Full-time,,2026-07-02T03:46:56+00:00,https://ph.indeed.com/viewjob?jk=c0173264d4255289
499,Accounting & Finance,Operations & Project Management,5,Billing and Invoicing Specialist,Penbrothers,Remote,,Full-time,,2026-07-02T03:46:56+00:00,https://ph.indeed.com/viewjob?jk=9ee19804a5780f43
498,HR & Recruiting,,2,Consumer Experience Specialist,Penbrothers,Remote,,Full-time,,2026-07-02T03:46:56+00:00,https://ph.indeed.com/viewjob?jk=be9b8e584267f870
497,Education & Training,,12,Physics Academic Support Tutor,Kunduz Technologies Private Limited,Work from Home,,Part-time,,2026-07-02T03:46:56+00:00,https://ph.indeed.com/viewjob?jk=6b3ec448e2018c65
496,Education & Training,,13,Biology Academic Support Tutor,Kunduz Technologies Private Limited,Work from Home,,Part-time,,2026-07-02T03:46:56+00:00,https://ph.indeed.com/viewjob?jk=9e4c1e52a0305da8
495,"Admin, Executive Assistance & VA",,7,Executive Assistant,Digital Planners Corporation,Remote,"PHP 30,000 - PHP 45,000 a month",Full-time,,2026-07-02T03:46:56+00:00,https://ph.indeed.com/viewjob?jk=b523c38f2157e511
494,Healthcare & Medical Admin,,8,USRN PTP (WFH),ACCPRO INTERNATIONAL,Remote,"PHP 50,000 - PHP 60,000 a month",Full-time,,2026-07-02T03:46:56+00:00,https://ph.indeed.com/viewjob?jk=1d6723046f05168c
493,Accounting & Finance,,2,Payments Implementation Manager,Revolut,Remote,,,,2026-07-02T03:46:56+00:00,https://ph.indeed.com/viewjob?jk=00070e230eb8f81b
492,Sales & Business Development,,7,Head of Client Success,GetCSM,Remote,"PHP 100,000 - PHP 110,000 a month",Full-time,,2026-07-02T03:46:56+00:00,https://ph.indeed.com/viewjob?jk=1e3bc5b3320a3e40
491,HR & Recruiting,,7,HR Compliance Specialist,ResultsCX,Remote,,,,2026-07-02T03:46:56+00:00,https://ph.indeed.com/viewjob?jk=6574ada1ca4ce041
490,Healthcare & Medical Admin,"Software, Data & IT; Education & Training; Accounting & Finance",3,CTM I/II,Syneos - Clinical and Corporate - Prod,Work from Home,,Full-time,,2026-07-02T03:46:56+00:00,https://ph.indeed.com/viewjob?jk=fa1c689b387ac960
489,"Software, Data & IT",Customer Support & Service,7,Technical Support Specialist – Geospatial & Drones (PHL),Crescendo.ai,Remote,,,,2026-07-02T03:46:56+00:00,https://ph.indeed.com/viewjob?jk=83235e1dfcf58a3a
488,Accounting & Finance,,8,Product Support Analyst (Payroll and Benefits),Infor,Hybrid work,,Full-time,,2026-07-02T03:46:56+00:00,https://ph.indeed.com/viewjob?jk=240ca58554e1cc23
487,Accounting & Finance,Operations & Project Management,8,Global Payroll Operations Specialist,Rippling,Remote,,Full-time,,2026-07-02T03:46:56+00:00,https://ph.indeed.com/viewjob?jk=1844c04505ac3311
486,Real Estate & Property,,1,Dispatcher (Remote),OurAssistants,Remote,"PHP 44,000 - PHP 550,000 a month",Permanent,,2026-07-02T03:46:56+00:00,https://ph.indeed.com/viewjob?jk=34f9837b75b536e7
485,Sales & Business Development,,6,Inside Sales Rep,Infor,Hybrid work,,Full-time,,2026-07-02T03:46:56+00:00,https://ph.indeed.com/viewjob?jk=ffa3e18c7f87b1c9
484,Accounting & Finance,,20,"Executive Assistant (Accounting & Bookkeeping; QuickBooks, Data Entry & Reconciliation)","Titan Services, Inc.",Remote,"PHP 30,000 - PHP 40,000 a month","Permanent, Full-time",,2026-07-02T03:46:56+00:00,https://ph.indeed.com/viewjob?jk=b7ebfbd0748f534f
483,Operations & Project Management,,7,Travel Consultant (Group Travel Air and Product Coordinator),The Consultant Agency,Work from Home,Up to PHP 320 an hour,Full-time,,2026-07-02T03:46:56+00:00,https://ph.indeed.com/viewjob?jk=f1d3d5b6527999cb
482,Marketing & Growth,,9,Marketing Assistant,The Consultant Agency,Remote,Up to PHP 305 an hour,Full-time,,2026-07-02T03:46:56+00:00,https://ph.indeed.com/viewjob?jk=cd93bf822e70a715
481,Customer Support & Service,,2,Client Services Team Member,The Consultant Agency,Work from Home,Up to PHP 277 an hour,Full-time,,2026-07-02T03:46:56+00:00,https://ph.indeed.com/viewjob?jk=3aa11459f9fd98f7
480,"Software, Data & IT",,3,Principal Consultant – Cloud & Managed Services,My Online Staff,Remote,"PHP 70,000 - PHP 80,000 a month",Full-time,,2026-07-02T03:46:56+00:00,https://ph.indeed.com/viewjob?jk=b156423fc5612f0e
479,"Software, Data & IT",,3,EDR Security Lead,Pomeroy Technologies Philippines Inc.,Work from Home,"PHP 100,000 - PHP 150,000 a month","Permanent, Full-time",,2026-07-02T03:46:56+00:00,https://ph.indeed.com/viewjob?jk=af29a7fe97dca413
478,"Admin, Executive Assistance & VA",,1,Microsoft 365 Platform Manager,Pomeroy Technologies Philippines Inc.,Work from Home,"PHP 110,000 - PHP 160,000 a month","Permanent, Full-time",,2026-07-02T03:46:56+00:00,https://ph.indeed.com/viewjob?jk=73c1a252e0cc38ae
477,"Software, Data & IT",,3,Microsoft Entra ID Lead,Pomeroy Technologies Philippines Inc.,Work from Home,"From PHP 45,000 a month","Permanent, Full-time",,2026-07-02T03:46:56+00:00,https://ph.indeed.com/viewjob?jk=d44dc6adcd16176b
476,"Software, Data & IT",HR & Recruiting,3,APAC Customer Care Director (English-Cantonese Speaker),First Advantage,Remote,,Full-time,,2026-07-02T03:46:56+00:00,https://ph.indeed.com/viewjob?jk=321d23688a24b2f3
475,Operations & Project Management,,2,Pricing & Quotation Specialist (Airfreight & Seafreight),Expedock,Remote,,,,2026-07-02T03:46:56+00:00,https://ph.indeed.com/viewjob?jk=0a0db0198a3493f7
474,Operations & Project Management,,3,Ocean Import Specialist,Expedock,Remote,,,,2026-07-02T03:46:56+00:00,https://ph.indeed.com/viewjob?jk=c4e0b848e7a48c7e
473,Accounting & Finance,,11,Finance Specialist,Advantage HQ,Remote,,Full-time,,2026-07-02T03:46:56+00:00,https://ph.indeed.com/viewjob?jk=03df624467d32c76
472,"Software, Data & IT",Accounting & Finance,2,Quality Assurance Specialist (Spanish Bilingual),Palmetto Solar,Remote,,,,2026-07-02T03:46:56+00:00,https://ph.indeed.com/viewjob?jk=f2f845db73e4318d
471,Operations & Project Management,,7,Project Manager,Advantage HQ,Remote,,Full-time,,2026-07-02T03:46:56+00:00,https://ph.indeed.com/viewjob?jk=784532c6c4e61f22
470,Accounting & Finance,,8,Project-Based Accountant,Go Tours Hawaii,Remote,,"Fixed term, Temporary",,2026-07-02T03:46:56+00:00,https://ph.indeed.com/viewjob?jk=d1074b8c353cc6f1
469,Operations & Project Management,Marketing & Growth,6,Ad Operations Specialist (EST time),Advantage HQ,Remote,,Full-time,,2026-07-02T03:46:56+00:00,https://ph.indeed.com/viewjob?jk=79578aab45aff3c8
468,Healthcare & Medical Admin,,12,Medical IT Assistant (Healthcare IT),Practice Management,Work from Home,"PHP 35,328.24 - PHP 45,000.00 a month",Full-time,,2026-07-02T03:46:56+00:00,https://ph.indeed.com/viewjob?jk=cf6775b1c2a77669
467,Sales & Business Development,Operations & Project Management,7,"Team Lead, Customer Success (Spanish Bilingual)",Palmetto Solar,Remote,,,,2026-07-02T03:46:56+00:00,https://ph.indeed.com/viewjob?jk=c31df1ea49acc233
466,Accounting & Finance,,10,Intermediate Accountant,Justin Trotter & Associates,Remote,"PHP 90,000 - PHP 100,000 a month",Full-time,,2026-07-02T03:46:56+00:00,https://ph.indeed.com/viewjob?jk=0e5d782cdf2cb5a5
465,Marketing & Growth,,14,Influencer Marketing Manager (Philippines),Advantage HQ,Work from Home,,Full-time,,2026-07-02T03:46:56+00:00,https://ph.indeed.com/viewjob?jk=bf4ef0e08e93ffa0
464,Sales & Business Development,,18,Appointment Setter/Cold Caller/Sales Representative - Full Remote,Cube Care,Remote,,Full-time,,2026-07-02T03:46:56+00:00,https://ph.indeed.com/viewjob?jk=c25e4fbaebdc8989
463,Sales & Business Development,,2,Brokerage Client Service Associate,Alpaca,Remote,,,,2026-07-02T03:46:56+00:00,https://ph.indeed.com/viewjob?jk=794a7624c4e1d495
462,Sales & Business Development,Customer Support & Service,6,Customer Success Specialist I (Spanish Bilingual),Palmetto Solar,Remote,,,,2026-07-02T03:46:56+00:00,https://ph.indeed.com/viewjob?jk=10ff5d64605a0f17
461,Operations & Project Management,"Admin, Executive Assistance & VA",4,Project Management Specialist - Full Remote,Cube Care,Remote,,Full-time,,2026-07-02T03:46:56+00:00,https://ph.indeed.com/viewjob?jk=7ad561f89043fbe6
460,Accounting & Finance,,13,Bookkeeping Specialist (Remote Canada)PH,AMLB,Remote,,Full-time,,2026-07-02T03:46:56+00:00,https://ph.indeed.com/viewjob?jk=c4e6679a164875bf
459,Sales & Business Development,Real Estate & Property,7,Lead Generation Assistant — Real Estate (Direct Mail Focus),Search Party Recruiting LLC,Remote,,,,2026-07-02T03:46:56+00:00,https://ph.indeed.com/viewjob?jk=14e0c90dac5efa4a
458,Real Estate & Property,Education & Training; Accounting & Finance,2,AU Loan Processor,Pierian Services,Remote,"PHP 60,000 - PHP 70,000 a month","Permanent, Full-time",,2026-07-02T03:46:56+00:00,https://ph.indeed.com/viewjob?jk=36461422f743e6d2
457,Operations & Project Management,,6,Associate Technical Project Manager (Philippines),Bloom Equity Partners,Remote,,Full-time,,2026-07-02T03:46:56+00:00,https://ph.indeed.com/viewjob?jk=277cbeb8cb197988
456,"Software, Data & IT",,13,AI Automation and SEO Specialist,Bamboo Works,Remote,,Part-time,,2026-07-02T03:46:56+00:00,https://ph.indeed.com/viewjob?jk=ed527403851db1ad
455,Marketing & Growth,,13,Social Media and Digital Marketing Specialist,Bamboo Works,Work from Home,,Part-time,,2026-07-02T03:46:56+00:00,https://ph.indeed.com/viewjob?jk=b211d736d658c198
454,Accounting & Finance,,11,Bookkeeper,York Hamilton,Remote,,Full-time,,2026-07-02T03:46:56+00:00,https://ph.indeed.com/viewjob?jk=cb70c4919e288c45
453,Sales & Business Development,,14,Business Development Representative (Outbound Sales),Bamboo Works,Work from Home,,Part-time,,2026-07-02T03:46:56+00:00,https://ph.indeed.com/viewjob?jk=d9f133d689c4f0ed
452,Sales & Business Development,,9,Business Development Representative,Bamboo Works,Remote,,Part-time,,2026-07-02T03:46:56+00:00,https://ph.indeed.com/viewjob?jk=bf152291040e0de2
451,Sales & Business Development,,9,Lead Generation Specialist (Work From Home),SMS Hospitality Network,Remote,"PHP 20,000 - PHP 25,000 a month","Permanent, Full-time",,2026-07-02T03:46:56+00:00,https://ph.indeed.com/viewjob?jk=62064e3f36257eb2
450,Operations & Project Management,Healthcare & Medical Admin,7,Clinical Care Coordinator - Home Health (Freelance),LKN Strategies Inc,Remote,,Full-time,,2026-07-02T03:46:56+00:00,https://ph.indeed.com/viewjob?jk=5a47a68675fa7a32
449,Operations & Project Management,,8,Care Coordinator - Home Health (Freelance),LKN Strategies Inc,Remote,,Full-time,,2026-07-02T03:46:56+00:00,https://ph.indeed.com/viewjob?jk=ff796229ee042843
448,Accounting & Finance,,8,Tax Director,Remotely Philippines,Work from Home,,Full-time,,2026-07-02T03:46:56+00:00,https://ph.indeed.com/viewjob?jk=15670fcdc8c8e7a5
447,Healthcare & Medical Admin,Customer Support & Service,8,Mandarin Healthcare Support Specialist,Neolytix,Remote,"PHP 70,000 - PHP 100,000 a month",Full-time,,2026-07-02T03:46:56+00:00,https://ph.indeed.com/viewjob?jk=7b56ef64963bbd16
446,Customer Support & Service,"Software, Data & IT; Operations & Project Management; Healthcare & Medical Admin",4,Spanish-Speaking Client Care Specialists [Contract to hire; Remote from El Salvador],One Call Solutions CCS,Remote,,"Fixed term, Permanent, Fresh graduate, Full-time",,2026-07-02T03:46:56+00:00,https://ph.indeed.com/viewjob?jk=919606be731a0730
445,"Software, Data & IT",,1,Order Management Specialist,Ingenious Solutions Inc.,Remote,,Full-time,,2026-07-02T03:46:56+00:00,https://ph.indeed.com/viewjob?jk=ce8c93c64b656460
444,"Admin, Executive Assistance & VA",,1,Public Relations Executive,Freydis Capital,Work from Home,"PHP 4,000 - PHP 80,000 a week",Part-time,,2026-07-02T03:46:56+00:00,https://ph.indeed.com/viewjob?jk=25d31bbbc3b117b7
443,Real Estate & Property,,8,Qualified Solicitor (Residential & Commercial Property),"CS-PAC Global BPO, Inc.",Remote,"PHP 20,216.10 - PHP 89,888.97 a month",Full-time,,2026-07-02T03:46:56+00:00,https://ph.indeed.com/viewjob?jk=47805c91a9887179
442,Operations & Project Management,,6,CLINICAL INTAKE COORDINATOR (Home Health)- REGISTERED NURSES,Cliniqon,Work from Home,"PHP 35,000 - PHP 45,000 a month",Full-time,,2026-07-02T03:46:56+00:00,https://ph.indeed.com/viewjob?jk=bee9982d6d7eaa86
441,"Engineering, Architecture & CAD",,7,"Remote Experienced Structural Draftsman – AutoCAD (Class 2, well versed in X-Ref System)",Zenith Outsourcing Pty Ltd,Remote,"From PHP 50,000 a month",Full-time,,2026-07-02T03:46:56+00:00,https://ph.indeed.com/viewjob?jk=188aaff3681d659e
440,Accounting & Finance,,6,US Enrolled Agent,Tech Solutions,Remote,"From PHP 100,000 a month",Permanent,,2026-07-02T03:46:56+00:00,https://ph.indeed.com/viewjob?jk=0be57012efb03733
439,Sales & Business Development,Marketing & Growth,3,Philippines - Hub Spot Specialist,Teem,Work from Home,,Full-time,,2026-07-02T03:46:56+00:00,https://ph.indeed.com/viewjob?jk=37fb99486297c07a
438,HR & Recruiting,,8,HR Manager,E help Education and Migration,Remote,,Full-time,,2026-07-02T03:46:56+00:00,https://ph.indeed.com/viewjob?jk=6465f93755f845a0
437,Healthcare & Medical Admin,,3,HH Coder - Experienced | BCHHC sponsorship,Global Healthcare Resource,Work from Home,,"Permanent, Full-time",,2026-07-02T03:46:56+00:00,https://ph.indeed.com/viewjob?jk=1d58ae7383bb181d
436,"Engineering, Architecture & CAD",,2,Tekla Miscellaneous Steel Modeler: Full-time WFH,"Qualis Solutions, LLC",Remote,From PHP 300 an hour,"Permanent, Full-time",,2026-07-02T03:46:56+00:00,https://ph.indeed.com/viewjob?jk=86f187755c4cd79a
435,Operations & Project Management,,1,Experienced Ads Manager,ZiNG Digital+,Work from Home,"PHP 15,000 a month",Full-time,,2026-07-02T03:46:56+00:00,https://ph.indeed.com/viewjob?jk=f78d0c7a372ed02f
434,Education & Training,,2,Language Data Scientist,IAlchemy Inc.,Remote,,Full-time,,2026-07-02T03:46:56+00:00,https://ph.indeed.com/viewjob?jk=f9212b65984676a3
433,Other / Specialized,,0,ABA Credentialing & Contracting Specialist,Somewhere,Work from Home,"PHP 120,000 - PHP 180,000 a month","Permanent, Full-time",,2026-07-02T03:46:56+00:00,https://ph.indeed.com/viewjob?jk=332917d02946611f
432,Healthcare & Medical Admin,,3,Home Health Coder - Experienced,Global Healthcare Resource Phils Inc,Work from Home,,"Permanent, Full-time",,2026-07-02T03:46:56+00:00,https://ph.indeed.com/viewjob?jk=4d1bd90ca4dab419
431,Operations & Project Management,,7,Program Manager - Pediatrics Services,Nao Medical,Remote,,Full-time,,2026-07-02T03:46:56+00:00,https://ph.indeed.com/viewjob?jk=99211d603deabf55
430,Accounting & Finance,,17,FINANCE & ACCOUNTING MANAGER,Cliniqon,Work from Home,,"Permanent, Full-time",,2026-07-02T03:46:56+00:00,https://ph.indeed.com/viewjob?jk=5fe08f0431c9fa4a
429,Marketing & Growth,,7,Marketing Manager [Mandarin ],GiantSage,Work from Home,,Full-time,,2026-07-02T03:46:56+00:00,https://ph.indeed.com/viewjob?jk=7597f5e22a7483a4
428,Creative Content & Design,,10,2D Team Leader,HPL Game Design Corporation,Remote,"PHP 35,000 - PHP 45,000 a month","Permanent, Full-time",,2026-07-02T03:46:56+00:00,https://ph.indeed.com/viewjob?jk=b62add3fec75349b
427,"Engineering, Architecture & CAD",,7,Architect (US Residential Wood-Frame Design) REMOTE,Domance Glamping,Remote,,Full-time,,2026-07-02T03:46:56+00:00,https://ph.indeed.com/viewjob?jk=47307d3cec2d2e41
426,Operations & Project Management,,7,Electrical Service Coordinator (mHelpDesk experience required),Tech Solutions,Remote,"PHP 24,000 - PHP 30,000 a month",Full-time,,2026-07-02T03:46:56+00:00,https://ph.indeed.com/viewjob?jk=ddfb26f32004a310
425,Creative Content & Design,,9,Video Editor,Archers Arena Inc,Remote,"PHP 20,000 - PHP 35,000 a month","Part-time, Full-time",Flextime,2026-07-02T03:46:56+00:00,https://ph.indeed.com/viewjob?jk=3eed870d67e0bb7d
424,Marketing & Growth,,8,SEO Delivery Manager,Leap Resourcing,Work from Home,,Part-time,,2026-07-02T03:46:56+00:00,https://ph.indeed.com/viewjob?jk=680350dadda2b79f
423,"Software, Data & IT",,2,ServiceNow Integration Specialist,N2S Global Workforce Solutions LLC,Work from Home,"PHP 70,000 - PHP 85,000 a month",Full-time,,2026-07-02T03:46:56+00:00,https://ph.indeed.com/viewjob?jk=783ead6092dcd745
422,Accounting & Finance,,15,Finance Executive (Accounts Receivable and Revenue) - Philippines,CLaaS2SaaS,Remote,"PHP 35,000 - PHP 45,000 a month","Permanent, Full-time",,2026-07-02T03:46:56+00:00,https://ph.indeed.com/viewjob?jk=06484afdb08bfb5a
421,Marketing & Growth,,9,Paid Media Specialist (Google and Meta Ads),Leap Resourcing,Remote,,Part-time,,2026-07-02T03:46:56+00:00,https://ph.indeed.com/viewjob?jk=a96ea137c8107a4f
420,Marketing & Growth,Creative Content & Design,7,Video Editor with Meta Ads Experience,Proximity Outsourcing,Work from Home,"PHP 32,000 - PHP 40,000 a month",Part-time,,2026-07-02T03:46:56+00:00,https://ph.indeed.com/viewjob?jk=303313b47c8adfcc
419,Education & Training,,14,"Office-based ESL Teacher (Start on June 29, 2026)",BCM Educational Group,Work from Home,"PHP 17,000 a month","Permanent, Fresh graduate, Full-time",,2026-07-02T03:46:56+00:00,https://ph.indeed.com/viewjob?jk=ce06c32415d4fb74
418,"Software, Data & IT",,2,Technical Estimating Specialist,"CS-PAC Global BPO, Inc.",Remote,"PHP 13,891.61 - PHP 63,695.41 a month",Full-time,,2026-07-02T03:46:56+00:00,https://ph.indeed.com/viewjob?jk=d45b7d3eb55d21a9
417,Sales & Business Development,,6,Media Sales Executive (Remote),Maple Tree Media Pte Ltd,Remote,"PHP 30,000 - PHP 40,000 a month","Permanent, Full-time",,2026-07-02T03:46:56+00:00,https://ph.indeed.com/viewjob?jk=60a8fd5a1724bf1c
416,Healthcare & Medical Admin,,13,HEALTH COACH (USRN) – Remote Patient Monitoring (RPM) & Chronic Care Management (CCM),Centro GS-PHL Inc. (Centro CDX),Remote,"PHP 60,000 - PHP 70,000 a month",Full-time,,2026-07-02T03:46:56+00:00,https://ph.indeed.com/viewjob?jk=4da8ff31f9bed7d4
415,Education & Training,,2,Leadership & Organizational Development Trainer,HPL Game Design Corporation,Work from Home,"PHP 30,000 - PHP 35,000 a month","Permanent, Full-time",,2026-07-02T03:46:56+00:00,https://ph.indeed.com/viewjob?jk=cf710c6fdd9437f1
414,Accounting & Finance,,10,Intermediate Accountant (AU) WFH,Smart Outsourcing Solution,Remote,"PHP 40,000 - PHP 60,000 a month",Full-time,,2026-07-02T03:46:56+00:00,https://ph.indeed.com/viewjob?jk=0c6c50bbf63b84cf
413,Education & Training,,1,Client Compliance Officer - NDIS,Cosy Home Care,Remote,PHP 200 an hour,Full-time,,2026-07-02T03:46:56+00:00,https://ph.indeed.com/viewjob?jk=3cd1fd33beccf123
412,"Software, Data & IT",Operations & Project Management,2,SOC/MDR SECURITY ANALYST VA,Eiva,Remote,PHP 400 - PHP 480 an hour,Full-time,,2026-07-02T03:46:56+00:00,https://ph.indeed.com/viewjob?jk=070c5bce00a74079
411,Healthcare & Medical Admin,,19,WFH - PHRN/ USRN | Disability Claims Clinician,GRATITUDE INC.,Remote,"PHP 70,000 - PHP 90,000 a month",Full-time,,2026-07-02T03:46:56+00:00,https://ph.indeed.com/viewjob?jk=6e8b2a4a22f771d0
410,Accounting & Finance,,9,Accounting Process Auditor,MCVO,Work from Home,"PHP 55,000 - PHP 70,000 a month",Full-time,,2026-07-02T03:46:56+00:00,https://ph.indeed.com/viewjob?jk=e28f4a8a40e6d1d7
409,Accounting & Finance,,9,Accountant,AMCA,Remote,"PHP 30,000 - PHP 40,000 a month","Permanent, Full-time",,2026-07-02T03:46:56+00:00,https://ph.indeed.com/viewjob?jk=ab1ecfdae0765826
408,Healthcare & Medical Admin,,8,HOME HEALTH MEDICAL BILLERS,Cliniqon,Work from Home,"PHP 30,000 - PHP 35,000 a month","Permanent, Full-time",,2026-07-02T03:46:56+00:00,https://ph.indeed.com/viewjob?jk=6e490d435ddbe8a0
407,Operations & Project Management,,6,Revenue Operations Specialist (Salesforce Administrator),Elevate and Delegate,Work from Home,"PHP 80,000 - PHP 100,000 a month",Full-time,,2026-07-02T03:46:56+00:00,https://ph.indeed.com/viewjob?jk=cc02be463bd3cccc
406,Marketing & Growth,Creative Content & Design,4,Content Manager,Proximity Outsourcing,Work from Home,"PHP 24,000 - PHP 26,500 a month",Part-time,,2026-07-02T03:46:56+00:00,https://ph.indeed.com/viewjob?jk=c9f34360389b9f86
405,Operations & Project Management,Healthcare & Medical Admin,2,REVENUE CYCLE SPECIALIST- HOME HEALTH & HOSPICE,Cliniqon,Work from Home,"PHP 35,000 - PHP 45,000 a month","Permanent, Full-time",,2026-07-02T03:46:56+00:00,https://ph.indeed.com/viewjob?jk=5258b63d6d34281e
404,Operations & Project Management,,6,Residential Assistant Project Manager (US Residential Construction | Wood Frame Experience Required),Domance Glamping,Work from Home,,Full-time,,2026-07-02T03:46:56+00:00,https://ph.indeed.com/viewjob?jk=528e14eee402a613
403,Accounting & Finance,,15,Property Accountant | Bookkeeper,EJF Real Estate Services,Remote,PHP 490.37 - PHP 551.66 an hour,Full-time,,2026-07-02T03:46:56+00:00,https://ph.indeed.com/viewjob?jk=8a79b4b05e16813c
402,Marketing & Growth,,3,Local Promotion Leader,Smart Outsourcing Solution,Remote,"Up to PHP 80,000 a month",Full-time,,2026-07-02T03:46:56+00:00,https://ph.indeed.com/viewjob?jk=62618e000142cb89
401,Customer Support & Service,,6,Salesforce Support Specialist,Eiva,Remote,PHP 400 - PHP 430 an hour,Full-time,,2026-07-02T03:46:56+00:00,https://ph.indeed.com/viewjob?jk=d109271b7043c517
400,Accounting & Finance,Healthcare & Medical Admin,6,Accounts Receivable Specialist,Mailtech Marketing Services,Work from Home,"From PHP 40,000 a month",Full-time,,2026-07-02T03:46:56+00:00,https://ph.indeed.com/viewjob?jk=d7cadb6c15868eec
399,Operations & Project Management,,2,Service Lead / Network Dispatcher,Starshot Software,Remote,"PHP 110,000 - PHP 115,000 a month","Temporary, Full-time",,2026-07-02T03:46:56+00:00,https://ph.indeed.com/viewjob?jk=d8274eebc264d3d6
398,Creative Content & Design,Marketing & Growth,8,Marketing Video Editor,Crescendo,Remote,"PHP 50,000 - PHP 80,000 a month","Permanent, Full-time",,2026-07-02T03:46:56+00:00,https://ph.indeed.com/viewjob?jk=c1a536e5319d215d
397,Accounting & Finance,,9,Accountant,Frontline Accounting,Work from Home,,"Permanent, Full-time",,2026-07-02T03:46:56+00:00,https://ph.indeed.com/viewjob?jk=5c6e99a68b497e28
396,Legal,Real Estate & Property,8,Paralegal – Residential & Commercial Property,"CS-PAC Global BPO, Inc.",Remote,"PHP 16,047.33 - PHP 46,886.74 a month",Full-time,,2026-07-02T03:46:56+00:00,https://ph.indeed.com/viewjob?jk=56d57a9821eaf38f
395,Real Estate & Property,Sales & Business Development,3,LANDLORD ACQUISITION SPECIALIST,CoreAssist LLC,Work from Home,Up to PHP 300 an hour,Full-time,,2026-07-02T03:46:56+00:00,https://ph.indeed.com/viewjob?jk=77b0b36b82e84af0
394,Accounting & Finance,,17,Bookkeeper – AU Accounting Firm,DiEn Accounting Solution,Remote,,Full-time,,2026-07-02T03:46:56+00:00,https://ph.indeed.com/viewjob?jk=b897ee747dc1dc47
393,Marketing & Growth,Sales & Business Development; Education & Training,4,Digital Marketer,Leacov Singapore Pte Ltd,Remote,"PHP 18,000 - PHP 23,000 a month",Full-time,,2026-07-02T03:46:56+00:00,https://ph.indeed.com/viewjob?jk=e0fdb4bed05ff378
392,Marketing & Growth,,9,Marketing Analyst,"CS-PAC Global BPO, Inc.",Remote,"PHP 17,257.63 - PHP 63,091.86 a month",Full-time,,2026-07-02T03:46:56+00:00,https://ph.indeed.com/viewjob?jk=6175f15c64a5ce5f
391,"Software, Data & IT",,5,Service Now - Platform Specialist,N2S Global Workforce Solutions LLC,Work from Home,"PHP 50,000 - PHP 60,000 a month",Full-time,,2026-07-02T03:46:56+00:00,https://ph.indeed.com/viewjob?jk=099f8905cadfa83a
390,Operations & Project Management,,1,Data Mapping Analyst,Xelure Technologies,Work from Home,,Full-time,,2026-07-02T03:46:56+00:00,https://ph.indeed.com/viewjob?jk=3ebc1cc59ab098a8
389,Accounting & Finance,,11,Accounts Payable Specialist,"eFlexervices Phils., Inc.",Work from Home,,Full-time,,2026-07-02T03:46:56+00:00,https://ph.indeed.com/viewjob?jk=8e94b81e3c7ef237
388,Operations & Project Management,,7,Residential Construction Estimator / Assistant Project Manager (US Wood-Frame Homes),Domance Glamping,Work from Home,,Full-time,,2026-07-02T03:46:56+00:00,https://ph.indeed.com/viewjob?jk=943128c7ffee6a4b
387,"Software, Data & IT",,1,Integration Support,Xelure Technologies,Work from Home,,Full-time,,2026-07-02T03:46:56+00:00,https://ph.indeed.com/viewjob?jk=ad26b4ab3cd77809
386,Accounting & Finance,,11,Bookkeeper,Gourmet Fire,Work from Home,"PHP 35,000 - PHP 45,000 a month",Permanent,,2026-07-02T03:46:56+00:00,https://ph.indeed.com/viewjob?jk=9b618f5e739018d6
385,Accounting & Finance,,3,Equity Research Analyst,"BA Securities, Inc.",Remote,"Up to PHP 50,000 a month","Permanent, Fresh graduate, Full-time",,2026-07-02T03:46:56+00:00,https://ph.indeed.com/viewjob?jk=de649ebe80c67143
384,Marketing & Growth,,8,"Marketing Manager (WFH, Full-Time)",Kwanii,Remote,"From PHP 30,000 a month","Permanent, Full-time",,2026-07-02T03:46:56+00:00,https://ph.indeed.com/viewjob?jk=a1a1095bcdd444d9
383,"Software, Data & IT",Marketing & Growth; Operations & Project Management,7,Growth Operations & Automation Manager,Lumikha Teams,Work from Home,"PHP 55,000 - PHP 75,000 a month",Full-time,,2026-07-02T03:46:56+00:00,https://ph.indeed.com/viewjob?jk=35517b61ebd36bc1
382,Sales & Business Development,,6,Sales Support Supervisor,DTW Philippines OPC,Remote,"PHP 40,000 - PHP 45,000 a month",Full-time,,2026-07-02T03:46:56+00:00,https://ph.indeed.com/viewjob?jk=d1252e2c1b002814
381,Creative Content & Design,,6,Creative Lead/Head - Remote,Talent Tree Solutions Inc.,Remote,"PHP 75,000 - PHP 80,000 a month",Full-time,,2026-07-02T03:46:56+00:00,https://ph.indeed.com/viewjob?jk=e41eaaf57758f5f1
380,Sales & Business Development,,2,Leasing Officer,Dash Living,Remote,"PHP 20,000 - PHP 32,000 a month",Full-time,,2026-07-02T03:46:56+00:00,https://ph.indeed.com/viewjob?jk=2a3c0f7ac37eb48e
379,Marketing & Growth,,11,Digital Marketing Specialist (Australian Client) | Remote | Full-Time,Bravo Outsourcing Solutions Inc,Remote,"PHP 40,000 - PHP 50,000 a month",Full-time,,2026-07-02T03:46:56+00:00,https://ph.indeed.com/viewjob?jk=4630197abd4f2a13
378,Operations & Project Management,,14,Client Service Manager / Procurement & Contracts Coordinator,CEO Concierge Services Inc.,Remote,PHP 250 - PHP 350 an hour,Full-time,,2026-07-02T03:46:56+00:00,https://ph.indeed.com/viewjob?jk=0cf391b62863a752
377,Education & Training,,12,Chemistry Academic Support Tutor,Kunduz Technologies Private Limited,Work from Home,,Part-time,,2026-07-02T03:46:56+00:00,https://ph.indeed.com/viewjob?jk=c360522f2bb80820
376,Real Estate & Property,,1,AU Loan Processor (Mercury),Outposter,Work from Home,,Full-time,,2026-07-02T03:46:56+00:00,https://ph.indeed.com/viewjob?jk=979ba47f6c994717
375,Operations & Project Management,Healthcare & Medical Admin,7,Home Care Scheduler / Rostering Coordinator (Healthcare),"CS-PAC Global BPO, Inc.",Remote,"PHP 14,806.39 - PHP 42,718.80 a month",Full-time,,2026-07-02T03:46:56+00:00,https://ph.indeed.com/viewjob?jk=ef93ce7f6133223a
374,Marketing & Growth,,7,SEO Specialist,PUNX,Work from Home,"PHP 27,000 - PHP 40,000 a month",Full-time,,2026-07-02T03:46:56+00:00,https://ph.indeed.com/viewjob?jk=cea8b4f16c52dbb1
373,Accounting & Finance,,8,Accounts Payable Associate,"Altrad Pacific Shared Services, Inc.",Work from Home,,Full-time,,2026-07-02T03:46:56+00:00,https://ph.indeed.com/viewjob?jk=465aba80dc0fe0c2
372,Operations & Project Management,,6,Leasing Coordinator (Remote),ARC PH BPO,Remote,,Full-time,,2026-07-02T03:46:56+00:00,https://ph.indeed.com/viewjob?jk=8195292579a67aaf
371,Creative Content & Design,,6,Brand and Account Manager (Creative Agency),5 Miles Lab,Remote,"PHP 40,000 - PHP 50,000 a month",Full-time,,2026-07-02T03:46:56+00:00,https://ph.indeed.com/viewjob?jk=8d1191f5d2c22b71
370,Operations & Project Management,,2,Auditor,Office Beacon (Philippines) Inc,Remote,,Permanent,,2026-07-02T03:46:56+00:00,https://ph.indeed.com/viewjob?jk=ec97273966563192
369,"Software, Data & IT",,7,Quality Analyst (SaaS),TalentsThatFit,Work from Home,"PHP 35,000 - PHP 40,000 a month","Permanent, Full-time",,2026-07-02T03:46:56+00:00,https://ph.indeed.com/viewjob?jk=1e35a9528e82abba
368,Education & Training,,1,UpskillNowPH Partner Educator (Micro-Course Creator),QT Solutions Corporation,Work from Home,"PHP 10,470 - PHP 17,450 a month",,,2026-07-02T03:46:56+00:00,https://ph.indeed.com/viewjob?jk=73bb118933c89c84
367,Marketing & Growth,,5,Philippines - Demand Generation Manager,Teem,Remote,,Full-time,,2026-07-02T03:46:56+00:00,https://ph.indeed.com/viewjob?jk=a5af15fad6de0050
366,"Software, Data & IT",Operations & Project Management,2,Pricing Analyst (Telco Background Required) | WFH,Satellite Office Solutions,Remote,"PHP 90,000 - PHP 120,000 a month","Permanent, Full-time",,2026-07-02T03:46:56+00:00,https://ph.indeed.com/viewjob?jk=d37e38af1a29f1e4
365,Marketing & Growth,,11,Paid Ads Expert,Elevate and Delegate,Work from Home,"PHP 110,000 - PHP 130,000 a month",Full-time,,2026-07-02T03:46:56+00:00,https://ph.indeed.com/viewjob?jk=1f6705157d98ec2f
364,Ecommerce & Marketplace,,7,"Ecommerce Executive (Shopee, Tiktok, Lazada Seller Center Management)",N7 Global Group,Remote,"PHP 20,000 - PHP 25,000 a month",Full-time,,2026-07-02T03:46:56+00:00,https://ph.indeed.com/viewjob?jk=c41b12cf7be2b3fe
363,Sales & Business Development,,6,Inside Sales & Support (Tours and Cruises),DTW Philippines OPC,Work from Home,"PHP 32,000 - PHP 35,000 a month","Permanent, Full-time",,2026-07-02T03:46:56+00:00,https://ph.indeed.com/viewjob?jk=0130464f4174d67a
362,Creative Content & Design,,9,Art Director/Creatives Lead- WFH,JOHN CLEMENTS CONSULTANTS,Remote,"Up to PHP 70,000 a month","Permanent, Full-time",,2026-07-02T03:46:56+00:00,https://ph.indeed.com/viewjob?jk=a510c156ccb9634f
361,Operations & Project Management,,6,Startup Scouting & Ecosystem Operations Specialist,Lumikha Teams,Work from Home,"PHP 30,000 - PHP 40,000 a month",Full-time,,2026-07-02T03:46:56+00:00,https://ph.indeed.com/viewjob?jk=612dcd526d5f63fa
360,Operations & Project Management,,6,Online Pricing & Dealer Compliance Coordinator,Madimack,Remote,"PHP 41,000 - PHP 43,500 a month",Part-time,,2026-07-02T03:46:56+00:00,https://ph.indeed.com/viewjob?jk=fee1e89de9dc0c5a
359,"Software, Data & IT",,1,GoHighLevel Specialist,TalentsThatFit,Remote,"From PHP 40,000 a month","Permanent, Full-time",,2026-07-02T03:46:56+00:00,https://ph.indeed.com/viewjob?jk=9cbf7d11977cdf58
358,Accounting & Finance,,16,Australian Bookkeeper (Xero | AU Clients),Yempo,Work from Home,"PHP 40,000 - PHP 50,000 a month","Permanent, Full-time",,2026-07-02T03:46:56+00:00,https://ph.indeed.com/viewjob?jk=de6cb8c8d2fcfa9b
357,Sales & Business Development,,2,Telemarketing Specialist,InsBOSS Inc.,Remote,,"Fixed term, Full-time",,2026-07-02T03:46:56+00:00,https://ph.indeed.com/viewjob?jk=c95a2394e25937d1
356,Creative Content & Design,,10,Video Editor Virtual Assistant,vaa philippines,Remote,"PHP 20,000 - PHP 45,000 a month","Part-time, Full-time",,2026-07-02T03:46:56+00:00,https://ph.indeed.com/viewjob?jk=11388ad538ea3399
355,Education & Training,,6,Mathematics Academic Support,Kunduz Technologies Private Limited,Remote,,Part-time,,2026-07-02T03:46:56+00:00,https://ph.indeed.com/viewjob?jk=58b89416e306a083
354,Marketing & Growth,,11,Executive and Marketing Assistant,Elevate and Delegate,Remote,"PHP 50,000 - PHP 60,000 a month",Full-time,,2026-07-02T03:46:56+00:00,https://ph.indeed.com/viewjob?jk=2afe4b21295142dd
353,Healthcare & Medical Admin,,7,Patient Billing & Copayments Specialist,Tech Solutions,Work from Home,"From PHP 32,000 a month",Full-time,,2026-07-02T03:46:56+00:00,https://ph.indeed.com/viewjob?jk=e9a8604407fb6c85
352,Accounting & Finance,,10,Bookkeeper,Mesa CPA,Remote,"PHP 35,000 - PHP 135,000 a month",Full-time,,2026-07-02T03:46:56+00:00,https://ph.indeed.com/viewjob?jk=389cc086d5cab630
351,"Engineering, Architecture & CAD",,9,Fire Services Draftsperson (WFH),CreaThink Solutions,Remote,PHP 200 - PHP 280 an hour,Part-time,,2026-07-02T03:46:56+00:00,https://ph.indeed.com/viewjob?jk=7a84013c5a4d280a
350,"Software, Data & IT",,6,Automation Specialist | WFH,Artillery Philippines,Remote,"PHP 120,000 a month",Fixed term,Flextime,2026-07-02T03:46:56+00:00,https://ph.indeed.com/viewjob?jk=6a9b0cb5c590b394
349,"Software, Data & IT",,1,SERVICING ASSISTANT,CoreAssist LLC,Work from Home,Up to PHP 270 an hour,"Permanent, Full-time",,2026-07-02T03:46:56+00:00,https://ph.indeed.com/viewjob?jk=5306a4148a75f4d0
348,Marketing & Growth,,10,Digital Marketing Specialist,Parallel Outsourcing Services,Remote,"From PHP 50,000 a month",Full-time,,2026-07-02T03:46:56+00:00,https://ph.indeed.com/viewjob?jk=7defa799114ac271
347,"Admin, Executive Assistance & VA",Real Estate & Property,8,Virtual Assistant – Mortgage Processing Support,Moder Solutions Inc.,Remote,,Permanent,,2026-07-02T03:46:56+00:00,https://ph.indeed.com/viewjob?jk=b17b22e582743b4c
346,Education & Training,Operations & Project Management,9,Tutor Team Coordinator,A for Effort,Remote,"PHP 26,000 a month",Full-time,,2026-07-02T03:46:56+00:00,https://ph.indeed.com/viewjob?jk=c5ffba306a5ce8fd
345,Sales & Business Development,,9,Business Development Representative,Virtual Champs Global Inc.,Remote,"PHP 40,000 - PHP 50,000 a month",Permanent,,2026-07-02T03:46:56+00:00,https://ph.indeed.com/viewjob?jk=64d19ba1de68623d
344,Operations & Project Management,,15,Operations Project Coordinator,TalentsThatFit,Work from Home,"PHP 50,000 - PHP 55,000 a month","Permanent, Full-time",,2026-07-02T03:46:56+00:00,https://ph.indeed.com/viewjob?jk=5b929f9705daa575
343,"Admin, Executive Assistance & VA",,12,Real Estate Virtual Assistant (Transaction Coordinator + Admin + Marketing),AG Assists,Remote,PHP 300 - PHP 400 an hour,Full-time,,2026-07-02T03:46:56+00:00,https://ph.indeed.com/viewjob?jk=a72df917a991c451
342,Operations & Project Management,,12,"Operations Coordinator – Facilities & Cleaning Services (Remote, AU Hours)",Landon Group,Remote,"PHP 30,000 - PHP 40,000 a month",Full-time,,2026-07-02T03:46:56+00:00,https://ph.indeed.com/viewjob?jk=4a7e4cd62f8900a0
341,Operations & Project Management,,6,Mental Health Operations Biller (PART-TIME Remote),"STAFFVIRTUAL (a brand of Virtoren Services, Inc.)",Remote,"PHP 27,000 - PHP 28,700 a month",Full-time,,2026-07-02T03:46:56+00:00,https://ph.indeed.com/viewjob?jk=a2a5435d2dbb3f1a
340,Marketing & Growth,Accounting & Finance,2,Compliance Assistant,TCLS Mortgage Processing Center of America Inc.,Work from Home,"PHP 24,300 - PHP 30,000 a month",Full-time,,2026-07-02T03:46:56+00:00,https://ph.indeed.com/viewjob?jk=c08df82995489b63
339,Marketing & Growth,,8,Social Media Manager (WFH),CreaThink Solutions,Remote,PHP 200 - PHP 250 an hour,Part-time,,2026-07-02T03:46:56+00:00,https://ph.indeed.com/viewjob?jk=f33d2f61d0cf6204
338,Education & Training,,14,ESL Teacher|Home-based|Evening Shift,WISE EDUCATION,Remote,"Up to PHP 30,000 a month","Part-time, Full-time",,2026-07-02T03:46:56+00:00,https://ph.indeed.com/viewjob?jk=cd9bb37a83fc92be
337,Sales & Business Development,,8,Sales Development Representative,Proximity Outsourcing,Work from Home,"PHP 30,000 - PHP 40,000 a month",Part-time,,2026-07-02T03:46:56+00:00,https://ph.indeed.com/viewjob?jk=49ea242b4987f6cb
336,Healthcare & Medical Admin,,1,Billing CSR | WORK FROM HOME,DME Service Solutions,Remote,"PHP 20,000 - PHP 25,000 a month",Full-time,,2026-07-02T03:46:56+00:00,https://ph.indeed.com/viewjob?jk=650f9e2b7675d939
335,Ecommerce & Marketplace,"Admin, Executive Assistance & VA",7,Admin Assistant (with Shopify experience) | Work From Home,Dynamic Offshore Pty Ltd,Remote,"PHP 25,000 - PHP 35,000 a month",Full-time,,2026-07-02T03:46:56+00:00,https://ph.indeed.com/viewjob?jk=794c2e90023b6793
334,Marketing & Growth,Education & Training,2,Lock Desk Specialist,TCLS Mortgage Processing Center of America Inc.,Work from Home,"PHP 24,000 - PHP 25,000 a month",Full-time,,2026-07-02T03:46:56+00:00,https://ph.indeed.com/viewjob?jk=dd51b0251e355232
333,Accounting & Finance,,10,Philippines - Accounting Specialist,Teem,Remote,,Full-time,,2026-07-02T03:46:56+00:00,https://ph.indeed.com/viewjob?jk=62ba203f27671fea
332,Sales & Business Development,,6,Sales Support - Singapore,DTW Philippines OPC,Remote,"PHP 28,000 - PHP 30,000 a month","Permanent, Full-time",,2026-07-02T03:46:56+00:00,https://ph.indeed.com/viewjob?jk=d8f85e478877745b
331,Sales & Business Development,,20,Lead Generation and Appointment Setter,Leadahead Electrical,Work from Home,"PHP 10,000 - PHP 12,000 a month",Part-time,,2026-07-02T03:46:56+00:00,https://ph.indeed.com/viewjob?jk=ebf2b0ce4bc1ad7f
330,Customer Support & Service,Real Estate & Property,8,Property Management Customer Support,TalentsThatFit,Work from Home,"PHP 35,000 - PHP 40,000 a month","Permanent, Full-time",,2026-07-02T03:46:56+00:00,https://ph.indeed.com/viewjob?jk=85c88dc558a0d017
329,"Admin, Executive Assistance & VA",,2,Travel Specialist/EA – Luxury Travel,OurAssistants,Remote,"PHP 44,000 - PHP 55,000 a month",Permanent,,2026-07-02T03:46:56+00:00,https://ph.indeed.com/viewjob?jk=87ee597e5659466c
328,Sales & Business Development,,2,Cold Caller,Virtual Champs Global Inc.,Work from Home,"PHP 20,000 - PHP 27,000 a month",Permanent,,2026-07-02T03:46:56+00:00,https://ph.indeed.com/viewjob?jk=19142d84b559d49d
327,Operations & Project Management,,7,Content & Community Coordinator,Zenitec,Remote,"PHP 20,000 - PHP 30,000 a month",Part-time,,2026-07-02T03:46:56+00:00,https://ph.indeed.com/viewjob?jk=aa2d90db82c799f5
326,Accounting & Finance,,9,Accounting Assistant,LMO Consulting Pte. Ltd.,Remote,"PHP 22,500 - PHP 27,500 a month",Full-time,,2026-07-02T03:46:56+00:00,https://ph.indeed.com/viewjob?jk=ce4fbd159a5ce8a2
325,Healthcare & Medical Admin,,2,Scheduler (Home Health),Tech Solutions,Work from Home,"From PHP 30,000 a month","Permanent, Full-time",,2026-07-02T03:46:56+00:00,https://ph.indeed.com/viewjob?jk=ebc25f56093c57e0
324,Legal,,2,Australian Immigration Analyst,Achieve Migration,Work from Home,"PHP 35,000 - PHP 63,000 a month","Permanent, Full-time",,2026-07-02T03:46:56+00:00,https://ph.indeed.com/viewjob?jk=db5c801ab40499ed
323,Operations & Project Management,"Admin, Executive Assistance & VA",8,Administrative & Project Coordinator,TalentsThatFit,Work from Home,"PHP 35,000 - PHP 40,000 a month","Permanent, Full-time",,2026-07-02T03:46:56+00:00,https://ph.indeed.com/viewjob?jk=ba697debd317f8ec
322,Education & Training,Sales & Business Development,7,Customer Success Agent | YC Backed Education Startup,Strive Education,Remote,"PHP 37,800 - PHP 47,300 a month","Part-time, Permanent, Full-time",,2026-07-02T03:46:56+00:00,https://ph.indeed.com/viewjob?jk=b4fedd15ac378838
321,Customer Support & Service,,8,Customer Service Representative (WFH),CreaThink Solutions,Remote,"PHP 19,000 - PHP 20,000 a month",Full-time,,2026-07-02T03:46:56+00:00,https://ph.indeed.com/viewjob?jk=afd801910544ed30
320,Marketing & Growth,Accounting & Finance,2,Fully Remote Administrator,Next Level Swim School,Remote,"From PHP 15,000 a month",Full-time,,2026-07-02T03:46:56+00:00,https://ph.indeed.com/viewjob?jk=fa2c0b68d5fd34c5
319,Healthcare & Medical Admin,,2,Radiology Consultant,Lifetrack Medical System,Work from Home,"PHP 30,000 - PHP 40,000 a month",Full-time,,2026-07-02T03:46:56+00:00,https://ph.indeed.com/viewjob?jk=9e2bdb395dab1bf0
318,Legal,,14,Virtual Litigation & Business Attorney – Philippines (Remote),Everest Peak Home Health Care,Remote,,"Part-time, Permanent, Full-time",,2026-07-02T03:46:56+00:00,https://ph.indeed.com/viewjob?jk=4ed279699c858ffb
317,Healthcare & Medical Admin,,9,Home Health OASIS RN / Medical Coder – Philippines (Remote),Everest Peak Home Health Care,Remote,,"Part-time, Permanent, Full-time",,2026-07-02T03:46:56+00:00,https://ph.indeed.com/viewjob?jk=2d08154ee7f55c44
316,Healthcare & Medical Admin,,13,PHRN/USRN - Clinical Disability Claims,RSD HRMC,Work from Home,"Up to PHP 90,000 a month",Permanent,,2026-07-02T03:46:56+00:00,https://ph.indeed.com/viewjob?jk=c0dae5bd8914361f
315,"Software, Data & IT",,2,ServiceNow Delivery Lead/BPC,Work4flow,Remote,"PHP 60,000 - PHP 100,000 a month","Permanent, Full-time",,2026-07-02T03:46:56+00:00,https://ph.indeed.com/viewjob?jk=848876ef0250e368
314,Healthcare & Medical Admin,,7,Healthcare Compliance & Regulatory Advisor,Riddle Compliance,Work from Home,"PHP 15,109.56 - PHP 27,413.20 a month",Part-time,,2026-07-02T03:46:56+00:00,https://ph.indeed.com/viewjob?jk=f915f76ed473f614
313,"Software, Data & IT",,2,Estimator – Aluminium Fabrication,Make It Group,Remote,"PHP 40,000 - PHP 50,000 a month","Permanent, Full-time",,2026-07-02T03:46:56+00:00,https://ph.indeed.com/viewjob?jk=0c2caf15f6e34696
312,Healthcare & Medical Admin,,7,Medical Coder Lead,Seven Seven Global Services Inc,Work from Home,,"Permanent, Full-time",,2026-07-02T03:46:56+00:00,https://ph.indeed.com/viewjob?jk=b2b595fc5b19e190
311,Accounting & Finance,,14,Team Leader- Accounting/Bookkeeping,Pivotl,Remote,,Full-time,,2026-07-02T03:46:56+00:00,https://ph.indeed.com/viewjob?jk=793156af0fd23b54
310,"Software, Data & IT",,5,Water Intelligence Analyst (Remote | Part-Time),Alphagold Corporation,Remote,"PHP 10,000 - PHP 18,000 a month",Part-time,,2026-07-02T03:46:56+00:00,https://ph.indeed.com/viewjob?jk=6924fb8e1c5d381f
309,Sales & Business Development,,12,Med Spa Appointment Setter,BeautyGrow,Work from Home,"PHP 72,000.00 - PHP 122,289.90 a month",Full-time,,2026-07-02T03:46:56+00:00,https://ph.indeed.com/viewjob?jk=047961d853568a92
308,Real Estate & Property,Customer Support & Service,3,Guest Experience & Booking Specialist - Work From Home (Night Shift),CinRetta Digital Marketing Services,Remote,"PHP 30,000 - PHP 45,000 a month",Full-time,,2026-07-02T03:46:56+00:00,https://ph.indeed.com/viewjob?jk=e7273104f7ad28f5
307,"Admin, Executive Assistance & VA",,2,Total Rewards Administrator,ResultsCX,Work from Home,,,,2026-07-02T03:46:56+00:00,https://ph.indeed.com/viewjob?jk=2915e817a8187106
306,Healthcare & Medical Admin,"Admin, Executive Assistance & VA",8,Medical Virtual Assistant,"MedSpecialized, Inc",Work from Home,,Full-time,,2026-07-02T03:46:56+00:00,https://ph.indeed.com/viewjob?jk=4f8fdda9449d4d3d
305,Education & Training,,1,PowerPoint Maker,PPT,Work from Home,PHP 150 a week,Part-time,Flextime,2026-07-02T03:46:56+00:00,https://ph.indeed.com/viewjob?jk=af435c4d93e423e0
304,Legal,,8,Legal Officer,Sal-Tech Easy Packaging,Remote,"PHP 25,000 - PHP 30,000 a month","Permanent, Full-time",,2026-07-02T03:46:56+00:00,https://ph.indeed.com/viewjob?jk=bd54f8b47f0aed7b
303,Accounting & Finance,,26,Finance Manager – Accounting & Controller (QuickBooks Specialist),Onway Auto Transport,Remote,"PHP 90,601.50 - PHP 132,882.20 a month",Full-time,,2026-07-02T03:46:56+00:00,https://ph.indeed.com/viewjob?jk=4561d1ada9336e1f
302,Healthcare & Medical Admin,,9,HOME HEALTH CASE MANAGEMENT NURSE | PERMENENT REMOTE JOB,Cliniqon LLC,Remote,,Full-time,,2026-07-02T03:46:56+00:00,https://ph.indeed.com/viewjob?jk=f369a53416fd91cf
301,Accounting & Finance,,16,FINANCE AND ACCOUNTING MANAGER | PERMANENT REMOTE JOB,Cliniqon LLC,Remote,,Full-time,,2026-07-02T03:46:56+00:00,https://ph.indeed.com/viewjob?jk=12cca001434fcc2d
300,Education & Training,,8,IELTS Instructor,Vaidik eduservices,Work from Home,From PHP 20 an hour,Part-time,,2026-07-02T03:46:56+00:00,https://ph.indeed.com/viewjob?jk=0f9687361ca71e7f
299,Accounting & Finance,,8,Fixed Assets Accountant,Wimmer Solutions,Remote,"Up to PHP 44,000 a month",Full-time,,2026-07-02T03:46:56+00:00,https://ph.indeed.com/viewjob?jk=39445986b017116f
298,Ecommerce & Marketplace,,16,Walmart Listing Specialist,Avenue7Media,Remote,"PHP 38,000 - PHP 45,000 a month",Permanent,,2026-07-02T03:46:56+00:00,https://ph.indeed.com/viewjob?jk=0ed6583b84fa9f5e
297,Sales & Business Development,,7,Part-Time Customer Success Manager,GetCSM,Work from Home,"PHP 30,000 - PHP 40,000 a month",Part-time,,2026-07-02T03:46:56+00:00,https://ph.indeed.com/viewjob?jk=d0c4c915373fceb1
296,Operations & Project Management,,7,"Localization Coordinator, Subtitling",Deluxe Media,Work from Home,,Full-time,,2026-07-02T03:46:56+00:00,https://ph.indeed.com/viewjob?jk=bf175635857515e1
295,Operations & Project Management,,6,Early Careers Talent Administrator & Coordinator - Philippines (Remote) | Fixed-Term,WilsonHCG,Remote,,Full-time,,2026-07-02T03:46:56+00:00,https://ph.indeed.com/viewjob?jk=83232e4630ddfb22
294,"Admin, Executive Assistance & VA",,8,Philippines - Administrative Assistant,Teem,Remote,,Full-time,,2026-07-02T03:46:56+00:00,https://ph.indeed.com/viewjob?jk=a23adca66e16f581
293,Sales & Business Development,,9,Sales Development Representative,Bamboo Works,Remote,,Part-time,,2026-07-02T03:46:56+00:00,https://ph.indeed.com/viewjob?jk=b340d983a98facf0
292,"Software, Data & IT",,7,AI Video Specialist,Bamboo Works,Work from Home,,Part-time,,2026-07-02T03:46:56+00:00,https://ph.indeed.com/viewjob?jk=e65a7ee7bdc81f56
291,Education & Training,,2,Client Services Representative (Remote- Philippines),VerifiedFirst,Remote,,,,2026-07-02T03:46:56+00:00,https://ph.indeed.com/viewjob?jk=b4ace815c1c989a5
290,Sales & Business Development,Marketing & Growth,2,Client Services Specialist,Live Nation,Work from Home,,Full-time,,2026-07-02T03:46:56+00:00,https://ph.indeed.com/viewjob?jk=6082ad06e07e58ec
289,"Software, Data & IT",,1,Field Technical Service Expert,Arbeit Consultancy Services Sdn Bhd,Remote,,"Permanent, Full-time",,2026-07-02T03:46:56+00:00,https://ph.indeed.com/viewjob?jk=1ada888797b95846
288,Customer Support & Service,,6,Service Titan Implementation Support Specialist,Pivotl,Remote,,Full-time,,2026-07-02T03:46:56+00:00,https://ph.indeed.com/viewjob?jk=8d76046c2d97d2f3
287,Operations & Project Management,Accounting & Finance,2,REVENUE CYCLE SPECIALIST (HOME HEALTH / HOSPICE),Cliniqon LLC,Remote,,Full-time,,2026-07-02T03:46:56+00:00,https://ph.indeed.com/viewjob?jk=bf0a566c0cc8cf8b
286,Accounting & Finance,,16,Strategic Accounting & Finance Specialist,Lucky Lucas & Co.,Remote,"PHP 80,000 - PHP 100,000 a month",Part-time,,2026-07-02T03:46:56+00:00,https://ph.indeed.com/viewjob?jk=11e74288d929b06b
285,"Software, Data & IT",,9,Director of AI & Systems Architecture,Allview Real Estate,Remote,,Full-time,,2026-07-02T03:46:56+00:00,https://ph.indeed.com/viewjob?jk=5543a015eca0aa85
284,Marketing & Growth,,9,SEO Lead,Bath Concepts Independent Dealers,Work from Home,,Full-time,,2026-07-02T03:46:56+00:00,https://ph.indeed.com/viewjob?jk=ca9887a8d753bc1a
283,Creative Content & Design,,8,Lead Animation Director,Kraymer Art,Remote,,Full-time,,2026-07-02T03:46:56+00:00,https://ph.indeed.com/viewjob?jk=f08f4b94610abf86
282,Accounting & Finance,,2,Family Offices Services Manager,FinStrat Management,Remote,,Full-time,,2026-07-02T03:46:56+00:00,https://ph.indeed.com/viewjob?jk=923453e7f68991f3
281,Marketing & Growth,,7,Retention Manager / Lifecycle Marketing Manager,STERRY,Remote,,Full-time,,2026-07-02T03:46:56+00:00,https://ph.indeed.com/viewjob?jk=85f6fee29c096980
280,Creative Content & Design,,8,Multimedia Artist,CADRE Creative Labs,Remote,,Full-time,,2026-07-02T03:46:56+00:00,https://ph.indeed.com/viewjob?jk=82bb67e1506ac16d
279,Real Estate & Property,Operations & Project Management,6,Transaction Coordinator - Real Estate VA,AG Assists,Work from Home,PHP 300 - PHP 400 an hour,Full-time,,2026-07-02T03:46:56+00:00,https://ph.indeed.com/viewjob?jk=29d0949dccc4fab3
278,Real Estate & Property,"Admin, Executive Assistance & VA",8,Property Management Virtual Assistant (Australian Client) | Fully Remote,Taskbridge,Remote,"From PHP 22,000 a month",Full-time,,2026-07-02T03:46:56+00:00,https://ph.indeed.com/viewjob?jk=7ff187230c5b594e
277,"Software, Data & IT",Creative Content & Design,6,AI Content & Design Creatives Specialist,Signalytics,Remote,"From PHP 47,000 a month",Full-time,,2026-07-02T03:46:56+00:00,https://ph.indeed.com/viewjob?jk=41cf1c5bbd0957a6
276,Marketing & Growth,,11,"Digital Marketing & Campaign Specialist (WFH, Full-time)",Kwanii,Remote,"From PHP 20,000 a month","Permanent, Fresh graduate, Full-time",,2026-07-02T03:46:56+00:00,https://ph.indeed.com/viewjob?jk=3b22a925ca0482f6
275,Marketing & Growth,,8,Marketing Specialist/Officer - TikTok Shop & Shopee,JPR,Work from Home,"PHP 50,000 - PHP 80,000 a month",Full-time,,2026-07-02T03:46:56+00:00,https://ph.indeed.com/viewjob?jk=a8ba33bfaad7ce4b
274,Marketing & Growth,,6,Director of Revenue,Kraymer Art,Remote,,Full-time,,2026-07-02T03:46:56+00:00,https://ph.indeed.com/viewjob?jk=44faef1388daf183
273,Sales & Business Development,,9,Healthcare Business Development Officer,ADEC Innovations,Remote,,Full-time,,2026-07-02T03:46:56+00:00,https://ph.indeed.com/viewjob?jk=08e55f515c18ffbf
272,Real Estate & Property,,7,Property Referral Partner,Urban Deca Homes,Work from Home,"PHP 25,000 - PHP 35,000 a month",Part-time,,2026-07-02T03:46:56+00:00,https://ph.indeed.com/viewjob?jk=3d06a728f03e1952
271,Sales & Business Development,Accounting & Finance,2,VIP Account manager (with English and Thai),Quadcode,Remote,,Full-time,,2026-07-02T03:46:56+00:00,https://ph.indeed.com/viewjob?jk=cfd7531cf9156c1b
270,Accounting & Finance,,16,Accounting & Finance Analyst,Lucky Lucas & Co.,Remote,"PHP 80,000 - PHP 100,000 a month",Part-time,,2026-07-02T03:46:56+00:00,https://ph.indeed.com/viewjob?jk=f9152c18896bded0
269,Marketing & Growth,,14,Marketing Director (Growth & Strategic Partnerships),STERRY,Remote,,Full-time,,2026-07-02T03:46:56+00:00,https://ph.indeed.com/viewjob?jk=965590886150a22d
268,Accounting & Finance,,6,Client Services Officer (Remote) | AU Financial Planning,Staffstream,Remote,,Full-time,,2026-07-02T03:46:56+00:00,https://ph.indeed.com/viewjob?jk=a833e02dff2135d6
267,"Software, Data & IT",Healthcare & Medical Admin,3,Technical Product Manager,WRS Health,Work from Home,,Full-time,,2026-07-02T03:46:56+00:00,https://ph.indeed.com/viewjob?jk=ce7f5255a465b6ad
266,"Admin, Executive Assistance & VA",,7,PAIN MANAGEMENT PRE- AUTHORIZATION SPECIALIST / ADMINISTRATIVE SUPPORT | PERMANENT REMOTE JOB,Cliniqon LLC,Remote,,Full-time,,2026-07-02T03:46:56+00:00,https://ph.indeed.com/viewjob?jk=e373bc469d24ab5e
265,"Admin, Executive Assistance & VA",,6,Admin Assistant (WFH),CreaThink Solutions,Remote,PHP 200 - PHP 230 an hour,Part-time,,2026-07-02T03:46:56+00:00,https://ph.indeed.com/viewjob?jk=8714167a8ebb2360
264,Education & Training,,2,Editorial Assistant (Home-based),360 Digital Works Ltd. Inc.,Remote,,"Permanent, Full-time",,2026-07-02T03:46:56+00:00,https://ph.indeed.com/viewjob?jk=d0af1ab170ccb001
263,Sales & Business Development,,8,Appointment Setting Specialist,V-Assist NZ,Work from Home,"From PHP 45,000 a month","Permanent, Full-time",,2026-07-02T03:46:56+00:00,https://ph.indeed.com/viewjob?jk=71e422b72b2323e1
262,"Admin, Executive Assistance & VA",,6,Admin VA (Airtable Specialist),Pixel Buddy Solutions,Work from Home,PHP 285 - PHP 315 an hour,Part-time,,2026-07-02T03:46:56+00:00,https://ph.indeed.com/viewjob?jk=8ae1c2192ca911d8
261,Education & Training,,2,Document Drawer,TCLS Mortgage Processing Center of America Inc.,Work from Home,"PHP 28,000 - PHP 35,000 a month",Full-time,,2026-07-02T03:46:56+00:00,https://ph.indeed.com/viewjob?jk=e5feff36f17c32a3
260,"Admin, Executive Assistance & VA",,7,Virtual Receptionist/EA for Plastic Surgery Spa,Skin Deep Sculpting,Remote,"PHP 1,900 - PHP 2,510 an hour",Full-time,,2026-07-02T03:46:56+00:00,https://ph.indeed.com/viewjob?jk=abb6689a8be3a39f
259,Healthcare & Medical Admin,,9,HOME HEALTH MEDICAL CODER | PERMANENT REMOTE JOB,Cliniqon LLC,Remote,,Full-time,,2026-07-02T03:46:56+00:00,https://ph.indeed.com/viewjob?jk=acbc6bf67f01ca90
258,Creative Content & Design,,8,Video Editor,Zulay Kitchen,Remote,,"Permanent, Full-time",,2026-07-02T03:46:56+00:00,https://ph.indeed.com/viewjob?jk=8ce4d2e0ec3a2006
257,Ecommerce & Marketplace,"Marketing & Growth; Engineering, Architecture & CAD; Creative Content & Design",3,Director of Product and Design,Kraymer Art,Remote,,Full-time,,2026-07-02T03:46:56+00:00,https://ph.indeed.com/viewjob?jk=90484cec9eb8315e
256,Sales & Business Development,,9,Business Development Executive,ACCPRO INTERNATIONAL,Remote,"PHP 35,000 - PHP 40,000 a month",Full-time,,2026-07-02T03:46:56+00:00,https://ph.indeed.com/viewjob?jk=c4295d9a39100010
255,Other / Specialized,,0,Car Care Tinting Specialist,"AAZ Advertisement, Designing & Producing LLC",Work from Home,"PHP 25,000 - PHP 35,000 a month",Permanent,,2026-07-02T03:46:56+00:00,https://ph.indeed.com/viewjob?jk=29c3c06b5378c0f4
254,"Software, Data & IT",,4,Telerik Reporting Expert,NuvInno PH,Remote,"PHP 40,000 - PHP 80,000 a month","Permanent, Full-time",,2026-07-02T03:46:56+00:00,https://ph.indeed.com/viewjob?jk=3070e5dca6f8bb65
253,Sales & Business Development,Marketing & Growth; Real Estate & Property,7,Real Estate Marketing & Sales Specialist (HubSpot Expert),RemoteLine,Remote,"PHP 30,000 - PHP 40,000 a month",Full-time,,2026-07-02T03:46:56+00:00,https://ph.indeed.com/viewjob?jk=3996c723e24fa325
252,Sales & Business Development,,6,Global Media Distribution & Content Sales Manager,Search Party Recruiting LLC,Remote,,,,2026-07-02T03:46:56+00:00,https://ph.indeed.com/viewjob?jk=94eca1d30759c307
251,Sales & Business Development,,6,Business Development Manager,TYPING TECHNOLOGY PTE. LTD,Work from Home,"From PHP 20,000 a month",Part-time,,2026-07-02T03:46:56+00:00,https://ph.indeed.com/viewjob?jk=d8ce32308b94d6d3
250,Operations & Project Management,"Software, Data & IT",3,NOC Technician,"PEAKE Technology Partners, LLC",Work from Home,,,,2026-07-02T03:46:56+00:00,https://ph.indeed.com/viewjob?jk=37d8aac63c6a35c9
249,Marketing & Growth,,2,Brand Manager-FMCG,Addiction Pet Foods,Remote,,Full-time,,2026-07-02T03:46:56+00:00,https://ph.indeed.com/viewjob?jk=3801bb00a590b23c
248,Operations & Project Management,,1,Position: Ad-Hoc trainer for Change Management Course (Philippines),Knowles Training Institute,Work from Home,"PHP 9,390 - PHP 10,000 a week","Part-time, Temporary",,2026-07-02T03:46:56+00:00,https://ph.indeed.com/viewjob?jk=59e7fb6426eaa39b
247,"Software, Data & IT",,1,Linux Systems Administrator,WRS Health,Work from Home,,Full-time,,2026-07-02T03:46:56+00:00,https://ph.indeed.com/viewjob?jk=0c482cffc53644c3
246,Ecommerce & Marketplace,,9,Amazon Brand Manager,Texas Hotel Management,Remote,,Full-time,,2026-07-02T03:46:56+00:00,https://ph.indeed.com/viewjob?jk=1ea2736bcad639a2
245,Real Estate & Property,,2,Market & Competitive Intelligence Analyst,Spartan Investment Group,Remote,"Competitive Full-Time Salary: ₱ 70,000 – ₱ 100,000 PHP per month",Full-time,,2026-07-02T03:46:56+00:00,https://ph.indeed.com/viewjob?jk=d86622bd1398e028
244,Sales & Business Development,,8,Business Development Executive,Bridge Point Outsourcing,Remote,"From PHP 34,800 a month","Permanent, Full-time",,2026-07-02T03:46:56+00:00,https://ph.indeed.com/viewjob?jk=69160d70664fab59
243,Legal,,8,Paralegal Assistant,OVA Virtual,Remote,"PHP 30,000 - PHP 32,000 a month",Part-time,,2026-07-02T03:46:56+00:00,https://ph.indeed.com/viewjob?jk=30facf7cf7dce14c
242,Sales & Business Development,Operations & Project Management,6,Salesforce Sales Operations Support,EMAPTA,Remote,"PHP 55,000 - PHP 65,000 a month","Permanent, Full-time",,2026-07-02T03:46:56+00:00,https://ph.indeed.com/viewjob?jk=03ba5646652ff230
241,Marketing & Growth,,11,Chief Marketing Officer,Kraymer Art,Remote,,Full-time,,2026-07-02T03:46:56+00:00,https://ph.indeed.com/viewjob?jk=84923233076637bb
240,Accounting & Finance,,16,US Accounting & Finance Officer - Remote,Lucky Lucas & Co.,Remote,"PHP 80,000 - PHP 100,000 a month",Part-time,,2026-07-02T03:46:56+00:00,https://ph.indeed.com/viewjob?jk=63bcf66001025d83
239,Education & Training,Healthcare & Medical Admin,8,Coding Teacher,Bee-Tech Tutorial Center,Remote,From PHP 120 an hour,"Part-time, OJT (On the job training), Temporary, Fresh graduate",Flextime,2026-07-02T03:46:56+00:00,https://ph.indeed.com/viewjob?jk=e956beec08feee41
238,Operations & Project Management,Customer Support & Service,7,ServiceTitan Systems & Operations Support Specialist,UG,Work from Home,"From PHP 78,000 a month","Permanent, Full-time",,2026-07-02T03:46:56+00:00,https://ph.indeed.com/viewjob?jk=0aae8555eb55bfe2
237,"Software, Data & IT",,1,Renewal Specialist PLG - Contractor,Level Access,Remote,,,,2026-07-02T03:46:56+00:00,https://ph.indeed.com/viewjob?jk=98952f996f064af1
236,Marketing & Growth,,11,Director of Marketing,Kraymer Art,Remote,,Full-time,,2026-07-02T03:46:56+00:00,https://ph.indeed.com/viewjob?jk=150f163f3cbe5da8
235,Real Estate & Property,,1,GIS Analyst / Urban Planner – QGIS Expert | Fully Remote,Staffstream,Remote,,Full-time,,2026-07-02T03:46:56+00:00,https://ph.indeed.com/viewjob?jk=e76756d13b665598
234,Education & Training,,9,Full Time Teacher,Brytolek,Remote,PHP 150 - PHP 250 an hour,Full-time,,2026-07-02T03:46:56+00:00,https://ph.indeed.com/viewjob?jk=2de4d174229f0821
233,HR & Recruiting,,7,Human Resources & Business Analyst Intern,CertiCode,Remote,,OJT (On the job training),Flextime,2026-07-02T03:46:56+00:00,https://ph.indeed.com/viewjob?jk=77b0d3a57229fbff
232,Operations & Project Management,,6,Content & Digital Operations Assistant (Part-Time),Phoenix Water Solutions - Ensure Partner,Work from Home,"PHP 60,000 - PHP 90,000 a month",Part-time,,2026-07-02T03:46:56+00:00,https://ph.indeed.com/viewjob?jk=b692c11ba0586b80
231,Customer Support & Service,,7,Customer Service Specialist (PH),Esusu,Remote,,,,2026-07-02T03:46:56+00:00,https://ph.indeed.com/viewjob?jk=c3228fc115e0cf7b
230,Sales & Business Development,,2,Installed Base Analyst (IBA),Arbeit Consultancy Services Sdn Bhd,Work from Home,,"Permanent, Full-time",,2026-07-02T03:46:56+00:00,https://ph.indeed.com/viewjob?jk=8202ae91869c9cbd
229,Ecommerce & Marketplace,Operations & Project Management,7,Subscriptions & Loyalty Program Manager (Shopify),Kraymer Art,Remote,,Full-time,,2026-07-02T03:46:56+00:00,https://ph.indeed.com/viewjob?jk=73a2a5f6e3ca746b
228,"Software, Data & IT",Marketing & Growth; Creative Content & Design,3,LORA SPECIALIST,Collings Media,Remote,"PHP 30,000 - PHP 40,000 a month","Permanent, Full-time",,2026-07-02T03:46:56+00:00,https://ph.indeed.com/viewjob?jk=22b2afb93de1985c
227,Other / Specialized,,0,Virtual Tour Guide Philippines,Peekabl,Remote,,Temporary,,2026-07-02T03:46:56+00:00,https://ph.indeed.com/viewjob?jk=da837dcdd42fa2df
226,Real Estate & Property,,7,Cold Calling Specialist (Industrial Real Estate),Texas Hotel Management,Remote,,Full-time,,2026-07-02T03:46:56+00:00,https://ph.indeed.com/viewjob?jk=91726d47dd8eadff
225,Marketing & Growth,,15,Paid Social Media Buyer,EMAPTA,Remote,"PHP 80,000 - PHP 90,000 a month","Permanent, Full-time",,2026-07-02T03:46:56+00:00,https://ph.indeed.com/viewjob?jk=0957d12c92541887
224,Creative Content & Design,,7,WFH | Part-Time Wedding Video Editor,RemoteLine,Remote,"PHP 15,000 - PHP 20,000 a month",Part-time,,2026-07-02T03:46:56+00:00,https://ph.indeed.com/viewjob?jk=aad3a0dd3461b8b9
223,Marketing & Growth,,11,Head of Growth,Kraymer Art,Remote,,Full-time,,2026-07-02T03:46:56+00:00,https://ph.indeed.com/viewjob?jk=d208d20c728c698a
222,Healthcare & Medical Admin,,7,Patient Technology Technician,"PEAKE Technology Partners, LLC",Remote,,,,2026-07-02T03:46:56+00:00,https://ph.indeed.com/viewjob?jk=39dce89377310b0c
221,Creative Content & Design,,7,Art Director,Wide-out Workforces Inc.,Work from Home,"PHP 30,000 - PHP 50,000 a month",Permanent,,2026-07-02T03:46:56+00:00,https://ph.indeed.com/viewjob?jk=0bc46b17ab3e8beb
220,Real Estate & Property,"Admin, Executive Assistance & VA",4,Guest Experience Associate,FIELDTRIP Hospitality LLC,Remote,,,,2026-07-02T03:46:56+00:00,https://ph.indeed.com/viewjob?jk=3fce655924940c46
219,"Software, Data & IT",,3,Service Desk Analyst L1,Starshot Software,Remote,"Up to PHP 69,000 a month",Full-time,,2026-07-02T03:46:56+00:00,https://ph.indeed.com/viewjob?jk=f0e6119e8744d01d
218,Customer Support & Service,Ecommerce & Marketplace,8,E-commerce Customer Support Representative,Smart Outsourcing Solution,Remote,"PHP 35,000 - PHP 40,000 a month",Full-time,,2026-07-02T03:46:56+00:00,https://ph.indeed.com/viewjob?jk=19ef84dd2eaa5068
217,"Software, Data & IT",,2,Video Annotation,GiantSage,Work from Home,,Full-time,,2026-07-02T03:46:56+00:00,https://ph.indeed.com/viewjob?jk=3d2640503d569746
216,"Software, Data & IT",,17,AI Automation Manager,STERRY,Remote,,Full-time,,2026-07-02T03:46:56+00:00,https://ph.indeed.com/viewjob?jk=89f0fbdc567e5565
215,Operations & Project Management,,7,Operations Manager,ZENAR Telecoms,Work from Home,"From PHP 20,000 a month",Permanent,,2026-07-02T03:46:56+00:00,https://ph.indeed.com/viewjob?jk=8d23880f56e0bf50
214,"Software, Data & IT",,9,Database Analyst,HiPaaS Inc,Hybrid work,"PHP 80,000 - PHP 150,000 a month",Full-time,,2026-07-02T03:46:56+00:00,https://ph.indeed.com/viewjob?jk=3e4e3db46d482334
213,Marketing & Growth,,7,SMS/Email Marketing Manager,STERRY,Remote,,Full-time,,2026-07-02T03:46:56+00:00,https://ph.indeed.com/viewjob?jk=0252bfcaa83bd8e1
212,Sales & Business Development,,6,"Customer Success Specialist EU, Mandarin Speaking",Spreetail,Remote,,Full-time,,2026-07-02T03:46:56+00:00,https://ph.indeed.com/viewjob?jk=3e38d18565a6439d
211,Real Estate & Property,Creative Content & Design,9,Full-Time Content Creator & Real Estate Virtual Assistant,Cascade CoLiving,Remote,,Full-time,,2026-07-02T03:46:56+00:00,https://ph.indeed.com/viewjob?jk=31c73c1f680c7fa7
210,Customer Support & Service,,8,EHR and Billing Support Specialist | WFH,Sourcefit Philippines,Remote,,Full-time,,2026-07-02T03:46:56+00:00,https://ph.indeed.com/viewjob?jk=8900606e0a7f0c1e
209,Marketing & Growth,,9,Marketing Manager,Innovaly.House,Remote,"PHP 24,000 - PHP 27,000 a month",Full-time,,2026-07-02T03:46:56+00:00,https://ph.indeed.com/viewjob?jk=a6cd741d0f9c4113
208,Real Estate & Property,,1,AU Parabroker,Easy Staff,Remote,,"Part-time, Full-time",,2026-07-02T03:46:56+00:00,https://ph.indeed.com/viewjob?jk=d69d11af7b195d57
207,Creative Content & Design,Education & Training,8,"Live Steamer / Content Creator (Remote, Training Provided)",TIGA,Remote,PHP 80 - PHP 500 an hour,Part-time,,2026-07-02T03:46:56+00:00,https://ph.indeed.com/viewjob?jk=7208207888daad85
206,Sales & Business Development,Customer Support & Service,2,Outbound Call Specialist,ExpertiseLocal,Remote,,Full-time,,2026-07-02T03:46:56+00:00,https://ph.indeed.com/viewjob?jk=e5026287c251a2b7
205,Education & Training,,12,VA Coach - GoHighLevel Training Specialist [Part-Time],Linkage Web Development,Remote,,Part-time,,2026-07-02T03:46:56+00:00,https://ph.indeed.com/viewjob?jk=9d01a19e625bf033
204,Education & Training,,8,Fitness Coach,MABM Services,Remote,"From PHP 25,000 a month",Full-time,,2026-07-02T03:46:56+00:00,https://ph.indeed.com/viewjob?jk=92b48e569d257934
203,Education & Training,,7,FILIPINO Online IELTS Instructor,iCanESL Education,Work from Home,PHP 150 - PHP 180 an hour,Part-time,,2026-07-02T03:46:56+00:00,https://ph.indeed.com/viewjob?jk=dfed66a2747fafc8
202,Creative Content & Design,"Software, Data & IT",7,AI Character & Animation Pipeline Specialist,Collings Media,Work from Home,"PHP 25,000 - PHP 40,000 a month","Permanent, Full-time",,2026-07-02T03:46:56+00:00,https://ph.indeed.com/viewjob?jk=3faea66b91723ca7
201,Ecommerce & Marketplace,Marketing & Growth,3,Platform Manager,Boughtnex Pte. Ltd.,Remote,"PHP 30,000 - PHP 40,000 a month",Full-time,,2026-07-02T03:46:56+00:00,https://ph.indeed.com/viewjob?jk=685815116e2d859c
200,Operations & Project Management,,1,eDiscovery Analyst,W 9 Global Microsolutions Inc.,Work from Home,"PHP 25,000 - PHP 38,000 a month","Permanent, Full-time",,2026-07-02T03:46:56+00:00,https://ph.indeed.com/viewjob?jk=f87031c62f529f04
199,Accounting & Finance,,15,Accountant/Bookkeeper (US),Pivotl,Remote,,Full-time,,2026-07-02T03:46:56+00:00,https://ph.indeed.com/viewjob?jk=3e5878b03c53abfb
198,Sales & Business Development,,1,Telesales Agent,global herbs,Work from Home,PHP 108.81 a day,"Permanent, Full-time",,2026-07-02T03:46:56+00:00,https://ph.indeed.com/viewjob?jk=ba06257e74a73169
197,Operations & Project Management,,6,Permit Coordinator,Wimmer Solutions,Remote,"From PHP 30,000 a month",Full-time,,2026-07-02T03:46:56+00:00,https://ph.indeed.com/viewjob?jk=bd451a166d122600
196,Accounting & Finance,,1,AU Quantity Surveyor,Easy Staff,Remote,,"Part-time, Permanent, Full-time",,2026-07-02T03:46:56+00:00,https://ph.indeed.com/viewjob?jk=f946fa10210d7450
195,Creative Content & Design,,8,Video Editor,KVSocial LTD,Work from Home,"PHP 18,000 - PHP 30,000 a month",Full-time,Flextime,2026-07-02T03:46:56+00:00,https://ph.indeed.com/viewjob?jk=ab108411ff2284fd
194,Creative Content & Design,,6,Architectural rendering 3d design using Mitek and Mitek sapphire softwar,Whatevs Services,Work from Home,PHP 244 - PHP 350 an hour,"Part-time, Full-time",,2026-07-02T03:46:56+00:00,https://ph.indeed.com/viewjob?jk=c90ae6162ec29574
193,Marketing & Growth,,2,Communications & Community Engagement manager,Sustainable Coconut Partnership,Remote,,Full-time,,2026-07-02T03:46:56+00:00,https://ph.indeed.com/viewjob?jk=f3507f79d5dc9507
192,Education & Training,,7,Online Fitness Coach,Firstgevity,Remote,,Full-time,,2026-07-02T03:46:56+00:00,https://ph.indeed.com/viewjob?jk=94b36ea39b076f9d
191,Creative Content & Design,"Software, Data & IT",7,AI Character & Animation Pipeline Specialist,Collings Media,Work from Home,"PHP 30,000 - PHP 40,000 a month","Permanent, Full-time",,2026-07-02T03:46:56+00:00,https://ph.indeed.com/viewjob?jk=0bd1e076f57b7dfc
190,Sales & Business Development,,6,Lead Sales Consultant — Remote (Mountain Daylight Time),Controlsales Br Enterprise,Remote,"PHP 80,000 - PHP 100,000 a month",Permanent,,2026-07-02T03:46:56+00:00,https://ph.indeed.com/viewjob?jk=4a224964c016bea8
189,Marketing & Growth,,14,Growth and Social Media Lead,Di Rezze Family Office,Remote,,Full-time,,2026-07-02T03:46:56+00:00,https://ph.indeed.com/viewjob?jk=aa5a45b03fe26649
188,Marketing & Growth,Creative Content & Design,3,Head of Affiliate Commerce,STERRY,Work from Home,,Full-time,,2026-07-02T03:46:56+00:00,https://ph.indeed.com/viewjob?jk=26d062993b4114a0
187,Healthcare & Medical Admin,,7,Medical Practice Call Agent,Banyan Pro Solutions,Work from Home,"PHP 30,000 - PHP 45,000 a month",Full-time,,2026-07-02T03:46:56+00:00,https://ph.indeed.com/viewjob?jk=b9b561db94e3183d
186,Marketing & Growth,Creative Content & Design,7,Digital Marketing Creative,Imagine Mobile,Remote,"PHP 3,000 - PHP 20,000 a month",Fresh graduate,,2026-07-02T03:46:56+00:00,https://ph.indeed.com/viewjob?jk=4a00e497ca031fcd
185,Legal,,8,Remote Legal Assistant,OVA Virtual,Remote,"PHP 30,000 - PHP 32,000 a month",Part-time,,2026-07-02T03:46:56+00:00,https://ph.indeed.com/viewjob?jk=9e564783e4b3f465
184,"Software, Data & IT",,1,Onboarding Specialist (Voice Process),Lokal App,Remote,"PHP 15,000 - PHP 30,000 a month",Full-time,,2026-07-02T03:46:56+00:00,https://ph.indeed.com/viewjob?jk=91cd2c73360c784c
183,Operations & Project Management,,9,Logistics Manager,Venture 2 Impact,Work from Home,"PHP 70,000 a month",Full-time,,2026-07-02T03:46:56+00:00,https://ph.indeed.com/viewjob?jk=441cc2e965c4547c
182,Marketing & Growth,,13,Social Media & Marketing Manager,Easy Staff,Remote,,Full-time,,2026-07-02T03:46:56+00:00,https://ph.indeed.com/viewjob?jk=714df98b8e54db30
181,"Software, Data & IT",Customer Support & Service,2,cavite,collabrix solution,Work from Home,From PHP 500 a day,"Permanent, Full-time",,2026-07-02T03:46:56+00:00,https://ph.indeed.com/viewjob?jk=8e85ace169b6e3df
180,Sales & Business Development,,6,Sales Analyst,CommandLink,Remote,,Full-time,,2026-07-02T03:46:56+00:00,https://ph.indeed.com/viewjob?jk=bfab753bd9f2c44f
179,Sales & Business Development,,7,Appliances Warranty Sales Representative,Buy It Direct,Remote,,Full-time,,2026-07-02T03:46:56+00:00,https://ph.indeed.com/viewjob?jk=9a8a80b517674228
178,Creative Content & Design,"Marketing & Growth; Software, Data & IT",4,Facebook Ads Specialist,STERRY,Work from Home,,Full-time,,2026-07-02T03:46:56+00:00,https://ph.indeed.com/viewjob?jk=3681df31f040bc95
177,"Software, Data & IT",,2,"Authentication Specialist I, Footwear",Entrupy,Remote,,Full-time,,2026-07-02T03:46:56+00:00,https://ph.indeed.com/viewjob?jk=40e449d5b47fe182
176,Marketing & Growth,,9,Digital Marketing Intern,CertiCode,Remote,,OJT (On the job training),Flextime,2026-07-02T03:46:56+00:00,https://ph.indeed.com/viewjob?jk=486acce8361e6bb0
175,Sales & Business Development,,9,Business Development Executive - WFH,ACCPRO INTERNATIONAL,Remote,"PHP 60,000 - PHP 80,000 a month","Permanent, Full-time",,2026-07-02T03:46:56+00:00,https://ph.indeed.com/viewjob?jk=fac7bc1782960bd8
174,Sales & Business Development,,12,Outbound Cold Caller / Appointment Setter – Remote,Spotless Group,Remote,PHP 350 - PHP 400 an hour,"Part-time, Full-time",,2026-07-02T03:46:56+00:00,https://ph.indeed.com/viewjob?jk=65a5cb28e7e2759a
173,Sales & Business Development,,6,Sales Representative – with POS Sales Experience,ShareWifi,Remote,,Full-time,,2026-07-02T03:46:56+00:00,https://ph.indeed.com/viewjob?jk=5462bb123f2d41ad
172,Sales & Business Development,Customer Support & Service,6,Sales Specialist – Inbound Sales,WindshieldHUB,Remote,,Full-time,,2026-07-02T03:46:56+00:00,https://ph.indeed.com/viewjob?jk=2717cd654a7f120d
171,Sales & Business Development,,14,Remote Cold Caller / Appointment Setter (Commission Based),LeadRescuePro LLC,Remote,,"Part-time, Permanent, Fresh graduate",Flextime,2026-07-02T03:46:56+00:00,https://ph.indeed.com/viewjob?jk=1ee5e0e3bb0b5f1e
170,Customer Support & Service,Accounting & Finance,7,Accounts Receivable Support Specialist - Philippines,ZYWAVE INC.,Work from Home,,Full-time,,2026-07-02T03:46:56+00:00,https://ph.indeed.com/viewjob?jk=145244768767b313
169,Sales & Business Development,,8,Sales Development Representative,airSlate,Remote,,Full-time,,2026-07-02T03:46:56+00:00,https://ph.indeed.com/viewjob?jk=8b9f42e4ee626954
168,Sales & Business Development,,6,Sales Representative | WFH,Sourcefit Philippines,Remote,,Temporary,,2026-07-02T03:46:56+00:00,https://ph.indeed.com/viewjob?jk=4aba93ea33ca1fe4
167,Sales & Business Development,,6,Sales Representative | WFH,Sourcefit Philippines,Remote,,Temporary,,2026-07-02T03:46:56+00:00,https://ph.indeed.com/viewjob?jk=7a58e3b7ada0df93
166,Sales & Business Development,,6,Sales Representative | WFH,Sourcefit Philippines,Remote,,Temporary,,2026-07-02T03:46:56+00:00,https://ph.indeed.com/viewjob?jk=f61f72e047e49369
165,Marketing & Growth,,3,Public Relation Specialist,The Orb,Work from Home,"PHP 13,108.09 - PHP 20,000.00 a month","Permanent, Full-time",,2026-07-02T03:46:56+00:00,https://ph.indeed.com/viewjob?jk=dfe7742992e2cee8
164,Marketing & Growth,Ecommerce & Marketplace,4,Community Specialist (GLM),Omnie,Remote,,Permanent,,2026-07-02T03:46:56+00:00,https://ph.indeed.com/viewjob?jk=b266b1c0502fa153
163,Customer Support & Service,,10,Inbound Caller,STERRY,Work from Home,,Full-time,,2026-07-02T03:46:56+00:00,https://ph.indeed.com/viewjob?jk=1c706e9166777fdd
162,Accounting & Finance,,7,"Accounts Payable Specialist (PT, Bilingual English/Spanish)",Omnie,Work from Home,,Part-time,,2026-07-02T03:46:56+00:00,https://ph.indeed.com/viewjob?jk=c814fd78ac827f11
161,Ecommerce & Marketplace,,13,Home Depot Marketplace & Amazon Specialist (Remote),Hire On Budget,Remote,"PHP 25,000 - PHP 40,000 a month",Full-time,,2026-07-02T03:46:56+00:00,https://ph.indeed.com/viewjob?jk=de05ae374f8d9b7e
160,Marketing & Growth,,1,"Trending, Celebrity, Entertainment & World News Writer (Graveyard Shift)",IBT Media,Remote,,Full-time,,2026-07-02T03:46:56+00:00,https://ph.indeed.com/viewjob?jk=24a33d3a51bb1a66
159,Operations & Project Management,,8,Operations Analyst - Philippines,Insight Assurance,Remote,,,,2026-07-02T03:46:56+00:00,https://ph.indeed.com/viewjob?jk=97551dc433fd191f
158,Marketing & Growth,,6,Social Media Content Creators & LiveStreamers,Byio Inc.,Work from Home,"PHP 680 - PHP 1,250 an hour",Part-time,,2026-07-02T03:46:56+00:00,https://ph.indeed.com/viewjob?jk=67190cba49b2c2d0
157,"Admin, Executive Assistance & VA",Sales & Business Development; Marketing & Growth,3,Assistente Virtual Geral,Taskforce Cleaning Services,Remote,From PHP 230 an hour,Full-time,,2026-07-02T03:46:56+00:00,https://ph.indeed.com/viewjob?jk=6339516eeb35bb49
156,Marketing & Growth,,2,Editorial Outreach Specialist — (Pitch. Land. Get Paid.),Leadspring LLC,Remote,"PHP 27,679.50 a month","Part-time, Permanent, Full-time",Flextime,2026-07-02T03:46:56+00:00,https://ph.indeed.com/viewjob?jk=1d499ddbe60f1f0c
155,Real Estate & Property,HR & Recruiting,6,Recruitment Consultant | AU Property and Construction,Paul Group Virtual,Work from Home,"PHP 40,000 - PHP 50,000 a month",Part-time,,2026-07-02T03:46:56+00:00,https://ph.indeed.com/viewjob?jk=9d88ebf95966a07b
154,Sales & Business Development,,2,Affiliate manager / Partnership manager,E-xcited,Remote,"PHP 25,000 - PHP 70,000 a month",Full-time,,2026-07-02T03:46:56+00:00,https://ph.indeed.com/viewjob?jk=421530625ff26295
153,Operations & Project Management,,12,Transaction & Operations Coordinator,CASA One Residential,Remote,"PHP 52,200 - PHP 83,600 a month",Full-time,,2026-07-02T03:46:56+00:00,https://ph.indeed.com/viewjob?jk=a14b5ae1c9ad4be6
152,Sales & Business Development,,6,Sales Representative | WFH (A-MYED),Sourcefit Philippines,Remote,,Fixed term,,2026-07-02T03:46:56+00:00,https://ph.indeed.com/viewjob?jk=e8fd346f313d1c2f
151,"Software, Data & IT",,1,Grant Writer,CVA,Work from Home,PHP 250 an hour,Full-time,,2026-07-02T03:46:56+00:00,https://ph.indeed.com/viewjob?jk=65ea18e2104cd86c
150,Customer Support & Service,,1,Travel CSR,VAME LTD,Work from Home,From PHP 150 an hour,Full-time,,2026-07-02T03:46:56+00:00,https://ph.indeed.com/viewjob?jk=661308471e5232d5
149,Ecommerce & Marketplace,,13,Pricing Analyst (E-Commerce Marketplace),Boughtnex Pte. Ltd.,Remote,"PHP 30,000 - PHP 40,000 a month",Full-time,,2026-07-02T03:46:56+00:00,https://ph.indeed.com/viewjob?jk=19891b5b65875615
148,HR & Recruiting,,8,Recruitment Specialist,Spartan Investment Group,Remote,"Competitive Full-Time Salary: ₱40,000 – ₱60,000 PHP per month",Full-time,,2026-07-02T03:46:56+00:00,https://ph.indeed.com/viewjob?jk=8d43d43a3cbd7deb
147,Accounting & Finance,,15,Controller / Bookkeeper,Sal-Tech Easy Packaging,Remote,"PHP 25,000 - PHP 30,000 a month","Permanent, Full-time",,2026-07-02T03:46:56+00:00,https://ph.indeed.com/viewjob?jk=37ddb35d9bf29c7a
146,Creative Content & Design,,7,Art Director,Wide-out Workforces Inc.,Remote,"PHP 30,000 - PHP 50,000 a month",Permanent,,2026-07-02T03:46:56+00:00,https://ph.indeed.com/viewjob?jk=14dea29e4cb55eb0
145,"Software, Data & IT",,2,Meta/WhatsApp API Integration Specialist,Brand Matrix,Work from Home,"PHP 400 - PHP 1,000 an hour",Temporary,,2026-07-02T03:46:56+00:00,https://ph.indeed.com/viewjob?jk=d9aad9e0719dbe48
144,Operations & Project Management,,8,Data Feed Coordinator,Ylopo,Remote,,,,2026-07-02T03:46:56+00:00,https://ph.indeed.com/viewjob?jk=32033bf6a349aa6f
143,Marketing & Growth,Ecommerce & Marketplace,10,URGENTLY HIRING!!! Amazon SEO and Copywriting Specialist,Steravale,Work from Home,Up to PHP 214 an hour,"Permanent, Full-time",,2026-07-02T03:46:56+00:00,https://ph.indeed.com/viewjob?jk=6eb6991b600bfd61
142,Sales & Business Development,,9,Lead Generation Specialist (Estate Loans),RemoteLine,Work from Home,"PHP 30,000 - PHP 40,000 a month",Full-time,,2026-07-02T03:46:56+00:00,https://ph.indeed.com/viewjob?jk=1a7e98f70991dda1
141,Marketing & Growth,,8,Social Media Manager,TFA Signs,Remote,"PHP 35,000.00 - PHP 57,096.94 a month",Permanent,,2026-07-02T03:46:56+00:00,https://ph.indeed.com/viewjob?jk=a4a80ad1142f25ae
140,Marketing & Growth,,6,Marketing Administrator,Buy It Direct,Remote,Rate: 370 PHP per hour,Full-time,,2026-07-02T03:46:56+00:00,https://ph.indeed.com/viewjob?jk=ba2be5f44e1f08ad
139,Marketing & Growth,Creative Content & Design,10,Creative Marketing Generalist,modCounsel,Work from Home,,Full-time,,2026-07-02T03:46:56+00:00,https://ph.indeed.com/viewjob?jk=8c4e06c3b1a3122e
138,Marketing & Growth,,9,Social Media Manager,HMD Publishing Limited,Work from Home,"PHP 15,000 a month",Full-time,,2026-07-02T03:46:56+00:00,https://ph.indeed.com/viewjob?jk=11ba589d27de75cd
137,"Software, Data & IT",Marketing & Growth,6,AI Specialist with Social Media Management Duties,Leiva Assistants,Work from Home,"PHP 50,000 - PHP 60,000 a month","Permanent, Full-time",,2026-07-02T03:46:56+00:00,https://ph.indeed.com/viewjob?jk=67805546a01c30f5
136,"Admin, Executive Assistance & VA",,7,Executive Assistant to the CEO,MaS Dance,Work from Home,PHP 250 - PHP 300 an hour,Full-time,,2026-07-02T03:46:56+00:00,https://ph.indeed.com/viewjob?jk=8b43a598475cc527
135,Accounting & Finance,,17,Bookkeeper / Accountant,Lucky Arrow,Remote,PHP 250 - PHP 750 an hour,"Part-time, Full-time",Flextime,2026-07-02T03:46:56+00:00,https://ph.indeed.com/viewjob?jk=f472d3163d9595a4
134,Creative Content & Design,,6,"3D Modeling Specialist, FDM 3D Printing",ZedPrints,Work from Home,PHP 612.80 an hour,Part-time,,2026-07-02T03:46:56+00:00,https://ph.indeed.com/viewjob?jk=22827dd1aec9cb2a
133,Operations & Project Management,,6,Resource Coordinator,Pomeroy Technologies Philippines Inc.,Work from Home,"From PHP 35,000 a month","Permanent, Full-time",,2026-07-02T03:46:56+00:00,https://ph.indeed.com/viewjob?jk=aee88a38d46ecd65
132,Operations & Project Management,,7,Media Services Coordinator,"Perceptions, Inc.",Work from Home,"PHP 25,000 - PHP 35,000 a month",Permanent,,2026-07-02T03:46:56+00:00,https://ph.indeed.com/viewjob?jk=2dc310a54cfb66cf
131,"Admin, Executive Assistance & VA",Operations & Project Management,6,Executive Assistant to the CEO,Noor Companies,Work from Home,"From PHP 45,000 a month",Full-time,,2026-07-02T03:46:56+00:00,https://ph.indeed.com/viewjob?jk=160cd580069c0acc
130,Marketing & Growth,,12,Marketing Operations & Growth Manager (Remote),Fielding Global,Remote,"PHP 70,000.00 - PHP 83,991.14 a month",Part-time,,2026-07-02T03:46:56+00:00,https://ph.indeed.com/viewjob?jk=e6b407f9e8ba213c
129,Operations & Project Management,,2,SUBJECT MATTER EXPERTS (WFH),Ins Back Office Solution Systems Inc.,Remote,"From PHP 25,000 a month",Full-time,,2026-07-02T03:46:56+00:00,https://ph.indeed.com/viewjob?jk=62c50b7985803df8
128,Operations & Project Management,,6,Associate Inventory Operations Analyst,Spreetail,Remote,,,,2026-07-02T03:46:56+00:00,https://ph.indeed.com/viewjob?jk=5e57af27598e8912
127,Operations & Project Management,,3,Travel Specialist,Road Rebel Global,Remote,,,,2026-07-02T03:46:56+00:00,https://ph.indeed.com/viewjob?jk=1455c4f6e998f786
126,Operations & Project Management,Customer Support & Service,7,Logistics Support Specialist (Automotive),Reman Group Inc.,Work from Home,,Full-time,,2026-07-02T03:46:56+00:00,https://ph.indeed.com/viewjob?jk=cda0336431d511cb
125,"Admin, Executive Assistance & VA",Accounting & Finance,3,EVA,OVA Virtual,Remote,"PHP 58,000 - PHP 62,000 a month",Full-time,,2026-07-02T03:46:56+00:00,https://ph.indeed.com/viewjob?jk=810a6ac261617b46
124,"Software, Data & IT",,1,Scriptwriter,Youtube Productions,Remote,"Up to PHP 1,300 a week","Part-time, Permanent, Full-time",,2026-07-02T03:46:56+00:00,https://ph.indeed.com/viewjob?jk=986050d67c197761
123,"Software, Data & IT",,13,Super AI Automation Builder,Shirley Contracting,Remote,"PHP 100,000 - PHP 150,000 a month",Full-time,,2026-07-02T03:46:56+00:00,https://ph.indeed.com/viewjob?jk=19e631e5a7c1380b
122,"Software, Data & IT",,12,Executive Assistant (AI & Automation-Focused),Leiva Assistants,Work from Home,"PHP 50,000 - PHP 60,000 a month","Permanent, Full-time",,2026-07-02T03:46:56+00:00,https://ph.indeed.com/viewjob?jk=e5fd8c02977dbb98
121,"Software, Data & IT",,2,IT Service Desk Analyst,NightOwl Consulting,Remote,"PHP 40,000 - PHP 50,000 a month",Full-time,,2026-07-02T03:46:56+00:00,https://ph.indeed.com/viewjob?jk=0516b795763fe32a
120,Creative Content & Design,,8,Video Editor,Literally,Work from Home,"PHP 50,000 - PHP 100,000 a month","Fixed term, Part-time, Permanent, Full-time",Flextime,2026-07-02T03:46:56+00:00,https://ph.indeed.com/viewjob?jk=4652af32003031d4
119,Accounting & Finance,,11,Bookkeeper (ADU),Omnie,Work from Home,,Part-time,,2026-07-02T03:46:56+00:00,https://ph.indeed.com/viewjob?jk=984237d4c8cdef69
118,Operations & Project Management,,13,Operations Coordinator (Remote) | Australian Catering & Events Operations,Staffstream,Remote,,Full-time,,2026-07-02T03:46:56+00:00,https://ph.indeed.com/viewjob?jk=f63eaea7925e2cee
117,Operations & Project Management,,8,Remote Project Manager — Full-Time,Genie Academy,Remote,"PHP 50,000 - PHP 100,000 a month",Full-time,,2026-07-02T03:46:56+00:00,https://ph.indeed.com/viewjob?jk=588b7ef22af2c2be
116,Accounting & Finance,,6,"Financial Advisor (Part-time, Full-time, Fresh Graduate)",PRULIFE UK - Universal One Life Insurance Agency,Work from Home,"Up to PHP 200,000 a month","Part-time, Permanent, Fresh graduate, Full-time",Flextime,2026-07-02T03:46:56+00:00,https://ph.indeed.com/viewjob?jk=1371d95b8353ba9b
115,Creative Content & Design,,2,Short form video producer,EY3 Media.,Remote,"PHP 12,000 - PHP 13,999 a week",Part-time,,2026-07-02T03:46:56+00:00,https://ph.indeed.com/viewjob?jk=4dd1ea5ebd7e3bfd
114,Operations & Project Management,,12,Vendor Data Coordinator,CommandLink,Remote,,Full-time,,2026-07-02T03:46:56+00:00,https://ph.indeed.com/viewjob?jk=5a459acfe8dfc4c3
113,Marketing & Growth,,10,Social Media Manager (Work from Home),Out of the Box,Remote,"PHP 16,000 - PHP 20,000 an hour","Part-time, Full-time",,2026-07-02T03:46:56+00:00,https://ph.indeed.com/viewjob?jk=f8c8257cf291097f
112,"Admin, Executive Assistance & VA",Real Estate & Property,7,Executive Support Virtual Assistant - Real Estate,Skale Bak,Remote,"From PHP 49,000 a month","Part-time, Full-time",,2026-07-02T03:46:56+00:00,https://ph.indeed.com/viewjob?jk=14e41d4f844e1047
111,Operations & Project Management,,8,Supply Chain & Procurement Specialist - US Client - Virtual Assistance/Freelancer,Htm-Mbs,Remote,"PHP 50,000 - PHP 55,000 a month",Full-time,,2026-07-02T03:46:56+00:00,https://ph.indeed.com/viewjob?jk=dab60f8e6ccf617a
110,Creative Content & Design,,6,Podcast Video Editor,APodcastGeek,Work from Home,"PHP 7,000 - PHP 14,000 a week",Part-time,,2026-07-02T03:46:56+00:00,https://ph.indeed.com/viewjob?jk=6ad8ac18e3214061
109,Ecommerce & Marketplace,Marketing & Growth,9,URGENTLY HIRING!!! Amazon PPC VA,Steravale,Work from Home,PHP 300 - PHP 360 an hour,"Permanent, Full-time",,2026-07-02T03:46:56+00:00,https://ph.indeed.com/viewjob?jk=c107084633a3d1c6
108,Real Estate & Property,"Admin, Executive Assistance & VA",7,Administrative & Real Estate Assistant,Real Estate,Work from Home,"PHP 17,274.46 - PHP 25,000.00 a month",Full-time,,2026-07-02T03:46:56+00:00,https://ph.indeed.com/viewjob?jk=6f6e2c62c27e367e
107,Operations & Project Management,,1,Hospitality Guest Experience Agent,Sosuite Inc,Remote,,,,2026-07-02T03:46:56+00:00,https://ph.indeed.com/viewjob?jk=2f63afaa267c45e0
106,Sales & Business Development,Ecommerce & Marketplace,6,Vehicle Listing & Sales Specialist,Remarket Space,Remote,"PHP 95,000 a month",Full-time,,2026-07-02T03:46:56+00:00,https://ph.indeed.com/viewjob?jk=7530a2f0c0709204
105,Creative Content & Design,,6,Content Writer,My Cloud Crew,Work from Home,"PHP 15,000 - PHP 20,000 a month",Part-time,,2026-07-02T03:46:56+00:00,https://ph.indeed.com/viewjob?jk=4696b0b81987d1e7
104,"Admin, Executive Assistance & VA",,7,Executive Assistant,EasilyVirtual,Work from Home,"PHP 61,000 - PHP 70,000 a month",Full-time,,2026-07-02T03:46:56+00:00,https://ph.indeed.com/viewjob?jk=0eeea29e882ed7a8
103,Customer Support & Service,,7,Customer Support Intern,SparkEd Learning,Work from Home,PHP 300 - PHP 400 a day,"Part-time, OJT (On the job training), Temporary, Fresh graduate",Flextime,2026-07-02T03:46:56+00:00,https://ph.indeed.com/viewjob?jk=a4799cf52a14ef38
102,Marketing & Growth,Ecommerce & Marketplace,2,TikTok Shop VA,NJT Consultancy,Remote,"PHP 50,000 - PHP 60,000 a month",Full-time,,2026-07-02T03:46:56+00:00,https://ph.indeed.com/viewjob?jk=ca7e7c963aba5858
101,"Software, Data & IT",Creative Content & Design,6,AI-Assisted Content Writer,Sofia Health,Remote,"Up to PHP 30,813.89 a month","Fixed term, Part-time, Temporary, Full-time",,2026-07-02T03:46:56+00:00,https://ph.indeed.com/viewjob?jk=4e44b2cdae985fee
100,Operations & Project Management,,6,Event Coordinator,Performedia - Virtual & Hybrid Events,Work from Home,"PHP 32,000 - PHP 50,000 a month",Full-time,,2026-07-02T03:46:56+00:00,https://ph.indeed.com/viewjob?jk=c8749d3e40a40e09
99,"Admin, Executive Assistance & VA",,8,"Executive & Personal Assistant (Remote, Part-Time)",Atla Creative Studio,Remote,"PHP 22,000 - PHP 25,000 a month","Part-time, Full-time",Flextime,2026-07-02T03:46:56+00:00,https://ph.indeed.com/viewjob?jk=717761d34e6df576
98,Accounting & Finance,,11,Virtual Accounting Manager,"CS-PAC Global BPO, Inc.",Remote,,Full-time,,2026-07-02T03:46:56+00:00,https://ph.indeed.com/viewjob?jk=5c8ab2ed4a86d344
97,"Software, Data & IT",,2,Technical Lead,Adaca,Remote,,Full-time,,2026-07-02T03:46:56+00:00,https://ph.indeed.com/viewjob?jk=9afd1f150779813e
96,Operations & Project Management,Accounting & Finance,7,Logistics Accountant (Intermodal),OurAssistants,Remote,"PHP 30,000 - PHP 35,000 a month",Part-time,,2026-07-02T03:46:56+00:00,https://ph.indeed.com/viewjob?jk=e6927f60703b2afc
95,Healthcare & Medical Admin,,9,HOME HEALTH MEDICAL CODERS,Cliniqon,Work from Home,"PHP 45,000 - PHP 65,000 a month","Permanent, Full-time",,2026-07-02T03:46:56+00:00,https://ph.indeed.com/viewjob?jk=44e6d438ae23b9ee
94,"Software, Data & IT",,2,Acquisition & Ecosystem Strategy Manager,Lumikha Teams,Work from Home,"PHP 30,000 - PHP 50,000 a month",Full-time,,2026-07-02T03:46:56+00:00,https://ph.indeed.com/viewjob?jk=4f6e8e08e98959c7
93,"Engineering, Architecture & CAD",,2,Geologist (Consultant),R-II Builders Inc.,Remote,"PHP 30,000 - PHP 40,000 a month",Part-time,,2026-07-02T03:46:56+00:00,https://ph.indeed.com/viewjob?jk=008feb1eafb873a6
92,Sales & Business Development,,8,Business Development Manager,"eFlexervices Phils., Inc.",Work from Home,"PHP 65,000 - PHP 70,000 a month",Full-time,,2026-07-02T03:46:56+00:00,https://ph.indeed.com/viewjob?jk=7247d9b75d12bff2
91,Creative Content & Design,,15,Lead Artist - 2D,HPL Game Design Corporation,Remote,"PHP 35,000 - PHP 45,000 a month","Permanent, Full-time",,2026-07-02T03:46:56+00:00,https://ph.indeed.com/viewjob?jk=75de4959bcb0218b
90,Creative Content & Design,,15,Lead Artist - 2D,HPL Game Design Corporation,Remote,"PHP 35,000 - PHP 45,000 a month","Permanent, Full-time",,2026-07-02T03:46:56+00:00,https://ph.indeed.com/viewjob?jk=8d3c8ab2d0f78c5d
89,Customer Support & Service,,7,Bilingual English/German Customer Service Representative,Omnie,Remote,,"Part-time, Permanent",,2026-07-02T03:46:56+00:00,https://ph.indeed.com/viewjob?jk=2ea941b08e507d02
88,Healthcare & Medical Admin,,7,Virtual Pathologist,US Biolab Corporation,Remote,"PHP 70,000 - PHP 90,000 a month",Full-time,,2026-07-02T03:46:56+00:00,https://ph.indeed.com/viewjob?jk=5fc6119d967165a8
87,Operations & Project Management,,8,Fire Sprinkler Project Manager (Experienced – 100% Remote),All About Fire Sprinklers LLC,Work from Home,"PHP 133,400 - PHP 203,000 a month","Permanent, Full-time",,2026-07-02T03:46:56+00:00,https://ph.indeed.com/viewjob?jk=43d4026a6ebc7b1f
86,Creative Content & Design,,8,Lead Animation Director / Series Director for Anime Production Studio,KraymerArt,Remote,"PHP 80,000 - PHP 200,000 a month",Permanent,Flextime,2026-07-02T03:46:56+00:00,https://ph.indeed.com/viewjob?jk=24deaf10d4dcbdeb
85,Sales & Business Development,,12,HIGH-TICKET SALES CLOSER (REMOTE B2B SPECIALIST),Digital Allied Solution,Remote,,Fixed term,Flextime,2026-07-02T03:46:56+00:00,https://ph.indeed.com/viewjob?jk=4f96a964105b4929
84,Ecommerce & Marketplace,Marketing & Growth,3,Content Associate (Remote Work),KeaWorld Pte Ltd,Remote,"PHP 27,700 - PHP 30,800 a month","Permanent, Full-time",,2026-07-02T03:46:56+00:00,https://ph.indeed.com/viewjob?jk=c5d6fc6dc3e9041b
83,Marketing & Growth,,10,Marketing Manager,Mega Cat Studios,Work from Home,,Full-time,,2026-07-02T03:46:56+00:00,https://ph.indeed.com/viewjob?jk=6c680b4c42e1e323
82,Sales & Business Development,,7,Bid Manager (Remote) | Facilities Services & Business Development Industry,Staffstream,Remote,,Full-time,,2026-07-02T03:46:56+00:00,https://ph.indeed.com/viewjob?jk=2a8022e300386ca2
81,Sales & Business Development,,9,Business Development Partner,Precision Employers,Remote,,Full-time,,2026-07-02T03:46:56+00:00,https://ph.indeed.com/viewjob?jk=f94a90743176e85e
80,"Software, Data & IT",,1,Jr. Linux Systems Administrator,WRS Health,Work from Home,,Full-time,,2026-07-02T03:46:56+00:00,https://ph.indeed.com/viewjob?jk=c63c167a139f7b55
79,Marketing & Growth,,9,Marketing Director,STERRY,Remote,,Full-time,,2026-07-02T03:46:56+00:00,https://ph.indeed.com/viewjob?jk=1158ece5707abd25
78,Sales & Business Development,,8,Outbound Sales Representative (Cold Calling) – Work From Home,Pop Your Colors,Remote,"PHP 25,000 - PHP 30,000 a month",Full-time,,2026-07-02T03:46:56+00:00,https://ph.indeed.com/viewjob?jk=73a8dee6abba4c5a
77,Creative Content & Design,,6,Video Editor - Story / Hero,NJT Consultancy,Remote,"PHP 45,000 - PHP 48,000 a month",Full-time,,2026-07-02T03:46:56+00:00,https://ph.indeed.com/viewjob?jk=73ced20ce4d0a329
76,Sales & Business Development,,12,Internal Sales & Lead Generation Specialist – Work From Home,Stanley Packaging Group Pty Ltd,Remote,"PHP 35,000 - PHP 40,000 a month","Permanent, Full-time",,2026-07-02T03:46:56+00:00,https://ph.indeed.com/viewjob?jk=f770618939331e8c
75,"Software, Data & IT",,8,AI Builder (Full-Stack · UX · Product),DrBalcony,Remote,,Full-time,,2026-07-02T03:46:56+00:00,https://ph.indeed.com/viewjob?jk=7a7ca7b07e8f0354
74,Operations & Project Management,Healthcare & Medical Admin,6,Care Coordinator,Theris,Remote,"PHP 20,071.09 - PHP 50,564.13 a month","Permanent, Full-time",,2026-07-02T03:46:56+00:00,https://ph.indeed.com/viewjob?jk=3e3d1da525fca0cd
73,Sales & Business Development,,13,Appointment Setter | Medical Aesthetics & Cosmetic Clinics,Staffstream,Remote,,Full-time,,2026-07-02T03:46:56+00:00,https://ph.indeed.com/viewjob?jk=ca346a263540538e
72,Legal,,8,Legal Assistant / Interviewer (Remote),"STAFFVIRTUAL (a brand of Virtoren Services, Inc.)",Remote,"PHP 40,000 - PHP 45,000 a month",Full-time,,2026-07-02T03:46:56+00:00,https://ph.indeed.com/viewjob?jk=7dca60d86dd6e8ae
71,Operations & Project Management,"Software, Data & IT; Sales & Business Development; Education & Training",3,Client Care and Quality Lead,JPR,Work from Home,"PHP 75,000 - PHP 115,000 a month",Full-time,,2026-07-02T03:46:56+00:00,https://ph.indeed.com/viewjob?jk=90d1d53b77ec7e19
70,Marketing & Growth,,1,Talent Sourcing Associate (Freelance),Quatro Creative Studio Inc.,Work from Home,,Temporary,,2026-07-02T03:46:56+00:00,https://ph.indeed.com/viewjob?jk=d8afae20bbe75796
69,HR & Recruiting,,8,HR and Community Support Associate,VIPTutors Co,Work from Home,"PHP 25,000 - PHP 30,000 a month",Full-time,,2026-07-02T03:46:56+00:00,https://ph.indeed.com/viewjob?jk=def92774769a808f
68,Sales & Business Development,Operations & Project Management; Real Estate & Property,6,Customer Success & Leasing Coordinator (Work From Home),Express Repair,Remote,"PHP 25,000 - PHP 30,000 a month",Full-time,,2026-07-02T03:46:56+00:00,https://ph.indeed.com/viewjob?jk=7e84bca236d8dd09
67,Accounting & Finance,,1,CPA,Omni Intelligence,Work from Home,"PHP 17,000.00 - PHP 67,689.55 a month","Fixed term, Part-time, Permanent, + show more",,2026-07-02T03:46:56+00:00,https://ph.indeed.com/viewjob?jk=865252aadd66372b
66,Marketing & Growth,,2,LONG TERM AGENTS,Yaarwin,Work from Home,"PHP 12,568.70 - PHP 35,962.92 a month","Permanent, Full-time",,2026-07-02T03:46:56+00:00,https://ph.indeed.com/viewjob?jk=b603b8676d658857
65,"Admin, Executive Assistance & VA",,6,Dental Virtual Assistant – US Private Clinic Experience Required (Remote),Snapscale,Remote,,Full-time,,2026-07-02T03:46:56+00:00,https://ph.indeed.com/viewjob?jk=a75ba6fb44a3398b
64,"Admin, Executive Assistance & VA",Real Estate & Property; Operations & Project Management,7,Real Estate Operations Virtual Assistant (Remote),Skale Bak,Remote,"PHP 24,800 - PHP 50,000 a month","Part-time, Full-time",,2026-07-02T03:46:56+00:00,https://ph.indeed.com/viewjob?jk=5a6036119f00caff
63,"Software, Data & IT",Operations & Project Management; Education & Training,8,Annotation Program Manager – AI Training Data,EMAPTA,Remote,"PHP 100,000 - PHP 150,000 a month","Permanent, Full-time",,2026-07-02T03:46:56+00:00,https://ph.indeed.com/viewjob?jk=ab3b21dfc65781bb
62,"Software, Data & IT",,6,GoHighLevel (GHL) CRM & Automation Specialist,Elevated Hub Digital,Remote,,"Fixed term, Full-time",,2026-07-02T03:46:56+00:00,https://ph.indeed.com/viewjob?jk=0220dfb3e28700b6
61,Marketing & Growth,"Admin, Executive Assistance & VA",7,Social Media Virtual Assistant,ConnectUs Marketing Solutions Inc.,Remote,"Up to PHP 32,500 a month",Full-time,,2026-07-02T03:46:56+00:00,https://ph.indeed.com/viewjob?jk=d48a0f82d717c27a
60,Ecommerce & Marketplace,"Software, Data & IT; Creative Content & Design",7,URGENTLY HIRING!!! Amazon Creative and AI VA,Steravale,Remote,"Up to PHP 59,000 a month","Permanent, Full-time",,2026-07-02T03:46:56+00:00,https://ph.indeed.com/viewjob?jk=dd1a0f5331eb654e
59,Marketing & Growth,,10,Digital Marketing Associate,Skyrocket Studios,Remote,,Full-time,,2026-07-02T03:46:56+00:00,https://ph.indeed.com/viewjob?jk=90cf6688a1e8055d
58,Marketing & Growth,,6,Email Marketing Assistant (ConvertKit),Sofia Health,Work from Home,Up to PHP 369.84 an hour,Fixed term,,2026-07-02T03:46:56+00:00,https://ph.indeed.com/viewjob?jk=8a01bcabbeaffb0a
57,"Admin, Executive Assistance & VA",,7,Virtual Admin Assistant,LTD Global,Remote,,"Part-time, Full-time",,2026-07-02T03:46:56+00:00,https://ph.indeed.com/viewjob?jk=5684ca55af6c3daa
56,Operations & Project Management,,9,Project Support Coordinator,CADRE Creative Labs,Work from Home,"PHP 25,000 - PHP 35,000 a month","Permanent, Full-time",,2026-07-02T03:46:56+00:00,https://ph.indeed.com/viewjob?jk=45c984da4a1a4eb1
55,"Admin, Executive Assistance & VA",,6,Admin Support (US Citizen),Shop Us To Save,Remote,From PHP 350 an hour,Part-time,,2026-07-02T03:46:56+00:00,https://ph.indeed.com/viewjob?jk=5bc8016912ba49b7
54,Ecommerce & Marketplace,,7,E-COMMERCE TRADE ASSOCIATE,Regard Outsourcing Services Inc.,Work from Home,"PHP 20,000 - PHP 30,000 a month",Full-time,,2026-07-02T03:46:56+00:00,https://ph.indeed.com/viewjob?jk=748e589526c589dd
53,"Software, Data & IT",,16,Data Analyst & Automation Specialist (Remote),Prime Staff Outsource Inc.,Remote,"From PHP 55,000 a month","Permanent, Full-time",,2026-07-02T03:46:56+00:00,https://ph.indeed.com/viewjob?jk=3730c024dde93089
52,Real Estate & Property,,6,Mortgage Processor,York Hamilton,Remote,,Full-time,,2026-07-02T03:46:56+00:00,https://ph.indeed.com/viewjob?jk=02ddadb0618f1c60
51,"Engineering, Architecture & CAD",,7,Formwork Design Architect,CALLMAX SOLUTIONS INC.,Work from Home,,Permanent,,2026-07-02T03:46:56+00:00,https://ph.indeed.com/viewjob?jk=6b95d28bfe769277
50,Healthcare & Medical Admin,,15,Medical Billing Specialist,"DrHouse, Inc.",Remote,,Fixed term,,2026-07-02T03:46:56+00:00,https://ph.indeed.com/viewjob?jk=bf68730ebc20ab3d
49,Marketing & Growth,"Admin, Executive Assistance & VA",9,Digital Marketing Virtual Assistant (Remote),Go Hire Virtual,Remote,"PHP 25,000 - PHP 40,000 a month","Permanent, Full-time",,2026-07-02T03:46:56+00:00,https://ph.indeed.com/viewjob?jk=636a945cd9256a10
48,Healthcare & Medical Admin,,21,Medical Coding And Billing Specialist,"DrHouse, Inc.",Remote,,Fixed term,,2026-07-02T03:46:56+00:00,https://ph.indeed.com/viewjob?jk=fc9e2f170f577c2e
47,Operations & Project Management,Healthcare & Medical Admin,7,Clinical Program Manager,Nao Medical,Remote,,Full-time,,2026-07-02T03:46:56+00:00,https://ph.indeed.com/viewjob?jk=5e578d15cf87c800
46,Healthcare & Medical Admin,,3,MRA Chart Reviewer,Premier Health,Remote,,Full-time,,2026-07-02T03:46:56+00:00,https://ph.indeed.com/viewjob?jk=724d671df76ac3c6
45,Healthcare & Medical Admin,,15,Medical Billing Specialist,"DrHouse, Inc.",Remote,,Fixed term,,2026-07-02T03:46:56+00:00,https://ph.indeed.com/viewjob?jk=2363592d98cfb78d
44,Accounting & Finance,Operations & Project Management,8,Accounting Manager/ Supervisor/ Team Lead,Pivotl,Remote,,Full-time,,2026-07-02T03:46:56+00:00,https://ph.indeed.com/viewjob?jk=bf6e8db00c7a70d4
43,Accounting & Finance,,17,Accounting Manager -US Clients | Restricted Cash & Trust Accounting (US GAAP),KeepingCount,Remote,,Full-time,,2026-07-02T03:46:56+00:00,https://ph.indeed.com/viewjob?jk=01bbde95cc3f7031
42,Accounting & Finance,,11,Accounting Manager,Zulay Kitchen,Work from Home,,Full-time,,2026-07-02T03:46:56+00:00,https://ph.indeed.com/viewjob?jk=2854e4618414488b
41,Accounting & Finance,,3,Deduction Analyst - FMCG,ACCPRO INTERNATIONAL,Work from Home,,Full-time,,2026-07-02T03:46:56+00:00,https://ph.indeed.com/viewjob?jk=e6a71b44af589bf3
40,Healthcare & Medical Admin,,4,Certified ICD 10 Coder,Hygieia,Remote,,Part-time,,2026-07-02T03:46:56+00:00,https://ph.indeed.com/viewjob?jk=df1c72ec36472b26
39,Sales & Business Development,,7,Sales Representative (Glass/Industrial Packaging) - Permanent/Remote,EPS Staffing Service Group Inc,Remote,,"Permanent, Full-time",,2026-07-02T03:46:56+00:00,https://ph.indeed.com/viewjob?jk=bfe80548023fca1e
37,Education & Training,,3,Curriculum Director Volunteer,LifeSmart Education,Remote,PHP 0.01 - PHP 0.02 an hour,Part-time,,2026-07-02T03:46:56+00:00,https://ph.indeed.com/viewjob?jk=c45e4f7aedf155eb
36,Accounting & Finance,,8,Finance Services Manager,Revolut,Remote,,,,2026-07-02T03:46:56+00:00,https://ph.indeed.com/viewjob?jk=69bfdde02a6d4f26
35,Marketing & Growth,,2,Channel Account Manager,Netwrix,Remote,,Full-time,,2026-07-02T03:46:56+00:00,https://ph.indeed.com/viewjob?jk=0f8379755880d978
34,Real Estate & Property,"Admin, Executive Assistance & VA",7,Executive Assistant (Commercial Real Estate|AU Client) (with Sign-on Bonus),Dynamic Offshore Pty Ltd,Remote,"PHP 40,000 - PHP 55,000 a month",Full-time,,2026-07-02T03:46:56+00:00,https://ph.indeed.com/viewjob?jk=e79525d8b4b7cbd4
33,Sales & Business Development,,8,Business Development Representative,Power Commercial Insurance Brokers,Remote,"From PHP 38,000 a month","Permanent, Full-time",,2026-07-02T03:46:56+00:00,https://ph.indeed.com/viewjob?jk=ad41d6119696bb25
32,Accounting & Finance,,9,Accounting Officer,ConnectUs Marketing Solutions Inc.,Remote,"PHP 18,000 - PHP 20,000 a month",Full-time,,2026-07-02T03:46:56+00:00,https://ph.indeed.com/viewjob?jk=25d678db4a7bbc53
31,Healthcare & Medical Admin,,21,Medical Coding And Billing Specialist,"DrHouse, Inc.",Remote,,Fixed term,,2026-07-02T03:46:56+00:00,https://ph.indeed.com/viewjob?jk=ebd4696648f624c9
30,Accounting & Finance,,2,Credit Manager (Policy),Revolut,Remote,,,,2026-07-02T03:46:56+00:00,https://ph.indeed.com/viewjob?jk=99f36c9fa3d2d0e2
29,Accounting & Finance,,21,Bookkeeper (XERO | AU Accounting Firm) | Remote,Staffstream,Remote,,Full-time,,2026-07-02T03:46:56+00:00,https://ph.indeed.com/viewjob?jk=b538561f57aa5846
28,Education & Training,,12,Economics Academic Support Tutor,Kunduz Technologies Private Limited,Remote,,Part-time,,2026-07-02T03:46:56+00:00,https://ph.indeed.com/viewjob?jk=54412946f5ed7df4
27,Marketing & Growth,,11,Marketing Head (Remote) US Experience Required – US Direct Client,Domance Glamping,Remote,PHP 300 - PHP 500 an hour,Full-time,,2026-07-02T03:46:56+00:00,https://ph.indeed.com/viewjob?jk=c84bd6c6432d8f4b
26,Operations & Project Management,,7,Technical Project Manager,WRS Health,Work from Home,,Full-time,,2026-07-02T03:46:56+00:00,https://ph.indeed.com/viewjob?jk=cdfdb15a17ca35bc
25,Creative Content & Design,,20,2D & 3D Artist,Akumu Eclipse Studios,Remote,"PHP 25,000 a month",Fixed term,,2026-07-02T03:46:56+00:00,https://ph.indeed.com/viewjob?jk=56792eded2bb964d
23,"Admin, Executive Assistance & VA",,1,Insurance Processing Associate,Access Insurance LLC,Remote,From PHP 162 an hour,Full-time,,2026-07-02T03:46:56+00:00,https://ph.indeed.com/viewjob?jk=db5da5821d115ffc
22,Sales & Business Development,Ecommerce & Marketplace,2,HubSpot Strategist & RevOps Lead,SmartChannel Pty. Ltd. - Recruitment,Remote,"PHP 180,000 - PHP 280,000 a month","Permanent, Full-time",,2026-07-02T03:46:56+00:00,https://ph.indeed.com/viewjob?jk=42c244c95ecf9b94
21,Healthcare & Medical Admin,,1,Physics Support Educator,Kunduz Technologies Private Limited,Work from Home,,Part-time,,2026-07-02T03:46:56+00:00,https://ph.indeed.com/viewjob?jk=aa73496451ce6aa3
20,Operations & Project Management,,12,Operations Coordinator | AU Painting Business / Remote,Staffstream,Remote,,Full-time,,2026-07-02T03:46:56+00:00,https://ph.indeed.com/viewjob?jk=bce6bffc78702337
18,Operations & Project Management,,6,HubSpot Revenue Operations Manager (Systems Builder),Savvital,Remote,,Full-time,,2026-07-02T03:46:56+00:00,https://ph.indeed.com/viewjob?jk=d00900543b3ffb6a
17,Real Estate & Property,,7,Insurance Specialist (Property Manaement),EJF Real Estate Services,Remote,PHP 431.50 an hour,Full-time,,2026-07-02T03:46:56+00:00,https://ph.indeed.com/viewjob?jk=103b551b590d0a92
16,Healthcare & Medical Admin,,2,Philippines - Revenue Cycle Manager,Teem,Remote,,Full-time,,2026-07-02T03:46:56+00:00,https://ph.indeed.com/viewjob?jk=cf6b9f6302707894
15,Sales & Business Development,,8,Outbound Sales Representative,Digital Marketing Company,Work from Home,"From PHP 2,500 a week",Part-time,Flextime,2026-07-02T03:46:56+00:00,https://ph.indeed.com/viewjob?jk=b079f53433e75cde
14,Marketing & Growth,Sales & Business Development,7,Sales & Marketing Executive – IT Solutions & Client Relations,Tech Scribe Australia,Remote,,Full-time,,2026-07-02T03:46:56+00:00,https://ph.indeed.com/viewjob?jk=d097877a20ec092e
13,Marketing & Growth,Sales & Business Development,7,Sales & Marketing Executive – IT Solutions & Client Partnerships,Tech Scribe Australia,Remote,,Full-time,,2026-07-02T03:46:56+00:00,https://ph.indeed.com/viewjob?jk=f781cc9bb80ae39b
12,"Software, Data & IT",Operations & Project Management,8,"Founder Operations Partner, AI and Systems",Green Attic,Remote,"From PHP 64,000 a month",Full-time,,2026-07-02T03:46:56+00:00,https://ph.indeed.com/viewjob?jk=d1c97780a5c97882
11,Legal,,7,Research & Document Assistant (Legal / Academic) - Seafair Miami/Expoships LLLP,Expoships LLP,Work from Home,"PHP 30,000 - PHP 35,000 a month",Full-time,,2026-07-02T03:46:56+00:00,https://ph.indeed.com/viewjob?jk=a0e89160016767de
9,"Software, Data & IT",Education & Training; Operations & Project Management,4,Learning Management System Administrator,Workato,Remote,,Fixed term,,2026-07-02T03:46:56+00:00,https://ph.indeed.com/viewjob?jk=d1c57b6165b31d8e
8,Ecommerce & Marketplace,"Marketing & Growth; Engineering, Architecture & CAD",8,Growth Architect for Shopify and Meta,HOUNDSBAY,Work from Home,"PHP 100,000 - PHP 180,000 a month","Permanent, Full-time",,2026-07-02T03:46:56+00:00,https://ph.indeed.com/viewjob?jk=79126535ae33133e
7,Real Estate & Property,Operations & Project Management,8,Short-Term Rental (STR) Operations Specialist,Akita Management Services,Work from Home,PHP 229 - PHP 300 an hour,Full-time,,2026-07-02T03:46:56+00:00,https://ph.indeed.com/viewjob?jk=7d45007c4a4e246e
5,Creative Content & Design,,6,Youtube Personality Reactor,Neuraify Entertainment,Work from Home,,Part-time,,2026-07-02T03:46:56+00:00,https://ph.indeed.com/viewjob?jk=720fca2fb1276c95
4,Creative Content & Design,,7,Content Creator,Skyrocket Studios,Work from Home,,Full-time,,2026-07-02T03:46:56+00:00,https://ph.indeed.com/viewjob?jk=4785bdfa6e2ba9ef
3,Creative Content & Design,,8,Photo and Video Editor,Bamboo Works,Work from Home,,Part-time,,2026-07-02T03:46:56+00:00,https://ph.indeed.com/viewjob?jk=d5b9815b0b989239
2,Education & Training,,8,Virtual Teaching (Math & English for Kids),Domance Glamping,Remote,,Part-time,,2026-07-02T03:46:56+00:00,https://ph.indeed.com/viewjob?jk=1603b9367bc2e9f1
1,Customer Support & Service,,7,Client Support & Data Coordination,RemoteLine,Remote,"PHP 15,000 - PHP 17,500 a month",Part-time,,2026-07-02T03:46:56+00:00,https://ph.indeed.com/viewjob?jk=ba642b9244f79521
38,"Software, Data & IT",,1,Japanese Language Expert,GiantSage,Remote,,Part-time,,2026-07-01T21:06:55+00:00,https://ph.indeed.com/viewjob?jk=d4bba6111da777fe
24,Accounting & Finance,,6,Financial Planning Assistant (Xplan) | Australian Financial Planning,Smart Outsourcing Solution,Remote,"PHP 40,000 - PHP 80,000 a month",Full-time,,2026-07-01T21:06:55+00:00,https://ph.indeed.com/viewjob?jk=9e5f6692334be7dc
19,Healthcare & Medical Admin,,21,Medical Coding And Billing Specialist,"DrHouse, Inc.",Remote,,Fixed term,,2026-07-01T21:06:55+00:00,https://ph.indeed.com/viewjob?jk=31a10530fb4384b8
10,"Admin, Executive Assistance & VA",,8,Executive Assistant,Archers Arena Inc,Work from Home,"PHP 25,000 - PHP 50,000 a month",Full-time,,2026-07-01T20:44:59+00:00,https://ph.indeed.com/viewjob?jk=075dd232ee8e0bf3
6,Creative Content & Design,,7,Art Director,Wide-out Workforces Inc.,Work from Home,"PHP 30,000 - PHP 50,000 a month",Permanent,,2026-07-01T20:44:59+00:00,https://ph.indeed.com/viewjob?jk=a5e73a4c84109bd9
